couple_id,couple
1,Erin & Maks
2,Evan & Anna
3,Niecy & Louis
4,Aiden & Edyta
5,Nicole & Derek
6,Kurt & Anna
7,Jake & Chelsie
8,Kate & Tony
9,Chad & Cheryl
10,Brandy & Maks
11,Rick & Cheryl
12,Kyle & Lacey
13,Pamela & Damian
14,The Situation & Karina
15,Florence & Corky
16,Jennifer & Derek
17,Bristol & Mark
18,Audrina & Tony
19,George & Edyta
20,Maria & Derek
21,Metta & Peta
22,Chelsea & Mark
23,Aaron & Karina
24,Lil' Kim & Derek
25,Cody & Julianne
26,Penn & Kym
27,Jennie & Derek
28,Ian & Cheryl
29,Joey & Edyta
30,Joey & Kym
31,Mary Lou & Sasha
32,Chris & Witney
33,Terrell & Cheryl
34,Normani & Val
35,Marilu & Derek
36,Lisa & Louis
37,Kenny & Andrea
38,Stacy & Tony
39,Jack & Anna
40,Donald & Peta
41,Gavin & Karina
42,Roshon & Chelsie
43,Sherri & Val
44,Kim & Sasha
45,Rob & Cheryl
46,Kristin & Mark
47,Chynna & Tony
48,Wendy & Tony
49,Hines & Kym
50,Petra & Dmitry
51,Romeo & Chelsie
52,Margaret & Louis
53,Shannen & Mark
54,Chuck & Anna T.
55,Mark & Lacey
56,Victor & Karina
57,Belinda & Jonathan
58,Lawrence & Edyta
59,Steve-O & Lacey
60,Willow & Mark
61,Antonio & Cheryl
62,Rocco & Karina
63,Toni & Alec
64,Maurice & Cheryl
65,Brooke & Derek
66,Ted & Inna
67,NeNe & Tony
68,Jason & Edyta
69,Cristián & Cheryl
70,Adam & Julianne
71,Josie & Alec
72,Sabrina & Mark
73,Marie & Jonathan
74,Mel & Maks
75,Jane & Tony
76,Paulina & Alec
77,Billy Ray & Karina
78,Leeza & Tony
79,Sara & Tony
80,Tucker & Elena
81,Monique & Louis
82,Emmitt & Cheryl
83,Brant & Peta
84,Shawn & Derek
85,Sabrina & Louis
86,Hélio & Chelsie
87,Pamela & Tristan
88,Milo & Witney
89,Evanna & Keo
90,Danelle & Artem
91,Bobby & Sharna
92,Kareem & Lindsay
93,Jennie & Keo
94,Jamie & Artem
95,Mirai & Alan
96,Arike & Gleb
97,Debbie & Alan
98,Sasha & Gleb
99,Drew & Emma
100,Barbara & Keo
101,Nancy & Artem
102,Bonner & Sharna
103,Charo & Keo
104,Nick & Peta
105,Kellie & Derek
106,James & Sharna
107,Calvin & Lindsay
108,Maureen & Artem
109,Babyface & Allison
110,Joey & Ashly
111,Jordin & Brandon
112,Drew & Cheryl
113,Tia & Maks
114,Master P & Ashly
115,Melissa & Maks
116,William & Cheryl
117,Martina & Tony
118,Katherine & Mark
119,Paige & Mark
120,Doug & Karina
121,Jodie & Keo
122,Geraldo & Edyta
123,Marla & Tony
124,Nancy & Tristan
125,David & Kym
126,Elisabetta & Val
127,Hope & Maks
128,Sugar Ray & Anna
129,Kendra & Louis
130,Ralph & Karina
131,Chris & Cheryl
132,Mike & Lacey
133,Michael & Chelsie
134,Buzz & Ashly
135,Ashley & Edyta
136,Donny & Kym
137,Louie & Chelsie
138,Michael & Anna D.
139,Tamar & Val
140,Chaka & Keo
141,Hayes & Emma
142,Andy & Allison
143,Gilles & Cheryl
144,Chuck & Julianne
145,Holly & Dmitry
146,Robert & Kym
147,Riker & Allison
148,Charlotte & Keo
149,Patti & Artem
150,Lea & Artem
151,Janel & Val
152,Lolo & Keo
153,Betsey & Tony
154,Lance & Lacey
155,Cloris & Corky
156,Jeffrey & Edyta
157,Kim & Mark
158,James & Peta
159,Danica & Val
160,Sean & Karina
161,Billy Dee & Emma
162,Mario & Karina
163,Steve & Anna
164,Shannon & Derek
165,Cameron & Edyta
166,Laila & Maks
167,John & Edyta
168,Shandi & Brian
169,Clyde & Elena
170,Willa & Maks
171,Shanna & Jesse
172,Leah & Tony
173,Corbin & Karina
174,Jack & Cheryl
175,Melissa & Tony
176,Apolo & Karina
177,Gilles & Peta
178,Juan Pablo & Cheryl
179,Nikki & Gleb
180,Alexis & Alan
181,John & Emma
182,Adam & Jenna
183,Johnny & Emma
184,Tonya & Sasha
185,Josh & Sharna
186,Jordan & Lindsay
187,Vanessa & Maks
188,Frankie & Witney
189,Nikki & Artem
190,Heather & Maks
191,David & Lindsay
192,Erika & Gleb
193,Rashad & Emma
194,Victor & Lindsay
195,Ingo & Kym
196,Lisa & Gleb
197,D.L. & Cheryl
198,Amber & Maks
199,Vanilla Ice & Witney
200,Jana & Gleb
201,Jake & Jenna
202,Rachel & Jonathan
203,Evander & Edyta
204,Kelly & Alec
205,John & Charlotte
206,Sam & Cheryl
207,Heidi & Artem
208,Daniel & Britt
209,Jessie & Alan
210,Giselle & Jonathan
211,Jerry & Anna
212,Tatum & Nick
213,Gladys & Tristan
214,Jaleel & Kym
215,Wanyá & Lindsay
216,Ginger & Val
217,Mischa & Artem
218,Nyle & Peta
219,Carson & Anna
220,J.R. & Karina
221,Ricki & Derek
222,Chaz & Lacey
223,Kirstie & Maks
224,Tom & Cheryl
225,Paula & Louis
226,Carlos & Witney
227,Alexa & Mark
228,Kim & Tony
229,Ty & Chelsie
230,Shawn & Mark
231,Steve & Karina
232,Michael & Peta
233,Nastia & Derek
234,Tavis & Sharna
235,Sadie & Mark
236,Michael & Emma
237,Jonathan & Allison
238,Susan & Tony
239,Misty & Maks
240,Warren & Kym
241,Meryl & Maks
242,Candace & Mark
243,Cody & Witney
244,Monica & Jonathan
245,Marissa & Tony
246,Priscilla & Louis
247,Kristi & Mark
248,Floyd & Karina
249,Hélio & Julianne
250,Albert & Anna
251,Heather & Jonathan
252,Apolo & Julianne
253,Harry & Ashly
254,Vivica & Nick
255,Jerry & Kym
256,Amber & Derek
257,Elizabeth & Val
258,Bill N. & Tyne
259,Drew & Anna
260,Kelly & Val
261,Tinashe & Brandon
262,Nancy & Val
263,Joe & Jenna
264,Derek & Sharna
265,Victoria & Val
266,Lindsey & Mark
267,Mr. T & Kym
268,Simone & Sasha
269,Zendaya & Val
270,Sean & Peta
271,Alexandra & Mark
272,Dorothy & Tristan
273,Rick & Emma
274,Terra & Sasha
275,Ryan & Cheryl
276,Laurie & Val
277,Trista & Louis
278,Teresa & Pasha
279,Wayne & Witney
280,Cheryl & Louis
281,Vinny & Koko
282,Antonio & Sharna
283,Von & Witney
284,Bindi & Derek
285,Gary & Anna
286,Alek & Lindsay
287,Nick & Sharna
288,Denise & Maks
289,Redfoo & Emma
290,Noah & Sharna
291,Suzanne & Tony
292,Rumer & Val
293,Tommy & Peta
294,Randy & Karina
295,Bethany & Derek
296,Alfonso & Witney
297,Amy & Derek
298,Diana & Henry
299,Charlie & Sharna
300,Marlee & Fabian
301,Mark & Kym
302,Wayne & Cheryl
303,Keyshawn & Sharna
304,Christina & Mark
305,Bill E. & Emma
306,Valerie & Tristan
307,DeMarcus & Lindsay
308,Wynonna & Tony
309,Andy & Sharna
310,Jacoby & Karina
311,Shangela & Gleb
312,Trevor & Emma
313,Gabby & Val
314,Joseph & Daniella
315,Paige & Alan
316,Debi & Maks
317,Nicole & Sasha
318,Heather & Alan
319,Jason & Peta
320,Selma & Sasha
321,Charli & Mark
322,Melissa & Mark
323,Mýa & Dmitry
324,Kathy & Tony
325,Natalie & Alec
326,Macy & Jonathan
327,Joanna & Derek
328,Kelly & Louis
329,Joseph & Alexis
330,Candace & Tony
331,James & Cheryl
332,Drew & Witney
333,Danica & Maks
334,Charlie & Peta
335,Vanessa & Alan
336,Amy & Mark
337,Cody & Sharna
338,NeNe & Derek
339,Wanyá & Witney
340,Meryl & Val
341,Kim & Keo
342,Doug & Peta
343,Ginger & Mark
344,Antonio & Karina
345,Paige & Sasha
346,Antonio & Allison
347,Von & Lindsay
348,Nyle & Sharna
349,Jodie & Val
350,Bethany & Mark
351,Jonathan & Peta
352,Alfonso & Cheryl
353,Janel & Artem
354,Michael & Witney
355,Tommy & Emma
356,Sadie & Derek
357,Lea & Val
358,Melanie & Gleb
359,Tamar & Louis
360,The Miz & Witney
361,Iman & Daniella
362,Olivia & Val
363,Jimmie & Emma
364,Melora & Artem
365,Hayes & Allison
366,Paula & Mark
367,Alek & Emma
368,Suni & Sasha
369,Cody & Cheryl
370,Amanda & Alan
371,James & Jenna
372,Bindi & Val
373,Carlos & Lindsay
374,Alexa & Derek
375,Nick & Witney
376,Martin & Britt
377,Kenya & Brandon
378,Christine & Pasha
379,Matt & Lindsay
380,Cody & Edyta
381,Brian & Sharna
382,JoJo & Jenna
383,Joanna & Maks
384,Nastia & Sasha
385,Mark & Anna T.
386,AJ & Cheryl
387,Chrishell & Gleb
388,Vernon & Peta
389,Anne & Keo
390,Jeannie & Brandon
391,Jesse & Sharna
392,Skai & Alan
393,Kaitlyn & Artem
394,Nev & Jenna
395,Johnny & Britt
396,Justina & Sasha
397,Charles & Emma
398,Monica & Val
399,Nelly & Daniella
400,Hannah & Alan
401,Carole & Pasha
402,Kel & Witney
403,Kate & Pasha
404,Lamar & Peta
405,Lauren & Gleb
406,Sailor & Val
407,Karamo & Jenna
408,Ray & Cheryl
409,Mary & Brandon
410,Ally & Sasha
411,Sean & Lindsay
412,James & Emma
413,Sean & Jenna
