judge_id,judge
1,Carrie Ann Inaba
2,Len Goodman
3,Bruno Tonioli
4,Julianne Hough
5,Derek Hough
6,Rashad Jennings
7,David Ross
8,Robin Roberts
9,Kevin Hart
10,Paula Abdul
11,Zendaya
12,America's Score
13,Alfonso Ribeiro
14,Maksim Chmerkovskiy
15,Donny Osmond
16,Pitbull
17,Jessie J
18,Donnie Burns
19,Redfoo
20,Nick Carter
21,Michael Flatley
22,Mel B
23,Ricky Martin
24,Shania Twain
25,Mandy Moore
26,Emmitt Smith
27,Kelly Osbourne
28,Hélio Castroneves
29,Gilles Marini
30,Drew Lachey
31,Olivia Newton-John
32,Abby Lee Miller
33,Idina Menzel
34,Kenny Ortega
35,Cher
36,Michael Bublé
37,Leah Remini
38,Joey Fatone
