primary_song_id,primary_song,primary_song_artist_id
1,"""Sweet Dreams (Are Made of This)""",1
2,"""Wait a Minute""",2
3,"""Taking Chances""",3
4,"""Live Like We're Dying""",4
5,"""The First Time Ever I Saw Your Face""",5
6,"""Drops of Jupiter (Tell Me)""",6
7,"""A Girl Like You""",7
8,"""For Your Entertainment""",8
9,"""Try Sleeping with a Broken Heart""",9
10,"""This Woman's Work""",10
11,"""Violentango""",11
12,"""Nothin' on You""",12
13,"""I Can't Make You Love Me""",13
14,"""Sweet Dreams (Are Made Of This)""",14
15,"""Yesterday""",15
16,"""La Cumparsita""",16
17,"""Umbrella""",17
18,"""Somebody to Love""",18
19,"""Oye Como Va""",19
20,"""Stronger (What Doesn't Kill You)""",20
21,"""Krazy""",21
22,"""King of Anything""",22
23,"""California Gurls""",23
24,"""It's Just Begun""",24
25,"""Beggin'""",25
26,"""Nasty""",26
27,"""Tilt Ya Head Back""",27
28,"""Fool in Love""",28
29,"""Uptown Girl""",29
30,"""Mony Mony""",30
31,"""I Like The Way (You Move)""",31
32,"""P.Y.T. (Pretty Young Thing)""",32
33,"""Treasure""",33
34,"""Mr. Put It Down""",34
35,"""Ain't Too Proud to Beg""",35
36,"""Good Time Good Life""",36
37,"""Can't Stop Dancin'""",37
38,"""(You Make Me Feel Like) A Natural Woman""",38
39,"""Hot Stuff""",39
40,"""I Wonder Why""",40
41,"""Sugar Town""",41
42,"""Dedication to My Ex (Miss That)""",42
43,"""I Run to You""",43
44,"""Glad You Came""",44
45,"""Sherry""",45
46,"""Sax""",46
47,"""Lake Michigan""",47
48,"""Dynamite""",48
49,"""If I Ain't Got You""",9
50,"""I'm Every Woman""",49
51,"""Club Can't Handle Me""",50
52,"""Don't Know Why""",51
53,"""Romeo""",52
54,"""This Ain't a Love Song""",53
55,"""My First Kiss""",54
56,"""Crazy""",55
57,"""We Are the Champions""",56
58,"""The Killing Moon""",57
59,"""TiK ToK""",58
60,"""Kiss from a Rose""",59
61,"""Rescue Me""",60
62,"""That's Life""",61
63,"""Kung Fu Fighting""",62
64,"""G.D.F.R.""",63
65,"""What the World Needs Now Is Love""",64
66,"""25 Miles""",65
67,"""Vito's Waltz""",66
68,"""Lips Are Movin""",67
69,"""Tonight (I'm Lovin' You)""",68
70,"""Stray Cat Strut""",69
71,"""Smooth""",70
72,"""Doing It To Death""",71
73,"""Are You My Woman (Tell Me So)""",72
74,"""God Only Knows""",73
75,"""Give It 2 U""",74
76,"""Pride and Joy""",75
77,"""Bang Bang""",76
78,"""Mellow Yellow""",77
79,"""Walkin' My Baby Back Home""",78
80,"""Don't Cha""",79
81,"""I Hear a Symphony""",80
82,"""A Deeper Love""",38
83,"""Let's Do It, Let's Fall in Love""",81
84,"""Too Darn Hot""",82
85,"""I Want My Mullet Back""",83
86,"""Strangers in the Night""",61
87,"""You Should Be Dancing""",84
88,"""Mandy""",85
89,"""Dancing In The Street""",86
90,"""Baby Love""",80
91,"""Son of a Preacher Man""",87
92,"""Blurred Lines""",88
93,"""Good Time""",89
94,"""What Makes You Beautiful""",90
95,"""You Know I'm No Good""",91
96,"""Free Free Free""",92
97,"""Do You Believe in Magic""",93
98,"""Rise Up""",94
99,"""T-R-O-U-B-L-E""",95
100,"""Signed, Sealed, Delivered I'm Yours""",96
101,"""All-American Girl""",97
102,"""Feeling Good""",98
103,"""No Excuses""",67
104,"""Them Girls""",99
105,"""Lost in Your Eyes""",100
106,"""Like That""",46
107,"""Our House""",101
108,"""Money Maker""",102
109,"""She's Always a Woman""",29
110,"""What Is Love""",103
111,"""Move""",104
112,"""Cuban Pete""",105
113,"""Let Me Love You (Tiësto Remix)""",106
114,"""Domino""",107
115,"""Live Life""",108
116,"""That's What I Like""",109
38,"""(You Make Me Feel Like) A Natural Woman""",110
117,"""'Deed I Do""",111
118,"""Crazy in Love""",112
119,"""I Wanna Dance with Somebody (Who Loves Me)""",113
120,"""She Bangs""",114
121,"""What a Wonderful World""",115
122,"""I Want You Back""",116
123,"""Ain't No Mountain High Enough""",117
124,"""International Love""",118
125,"""Is You Is or Is You Ain't My Baby""",119
126,"""The Show""",120
127,"""Ain't Got Far to Go""",121
128,"""Sweet Caroline""",122
129,"""Confident""",123
130,"""Sparkling Diamonds""",124
131,"""Cry Baby""",125
18,"""Somebody to Love""",56
132,"""Last Friday Night (T.G.I.F.)""",126
133,"""Satellite""",127
134,"""The Power of Love""",128
135,"""When Love Takes Over""",129
136,"""Ain't That a Kick in the Head?""",130
137,"""Should I Stay or Should I Go""",131
138,"""Cooler Than Me""",132
139,"""Cry Me Out""",133
140,"""Mama Told Me (Not to Come)""",134
141,"""Kiss Me, Honey Honey, Kiss Me""",135
142,"""Life After You""",136
143,"""I'll Be""",137
144,"""Cupid""",138
145,"""Hold You In My Arms""",139
146,"""Hungry Like the Wolf""",140
147,"""Grace Kelly""",141
148,"""All That Jazz""",142
149,"""It's My Life""",143
150,"""I Got You (I Feel Good)""",144
151,"""Do Your Thing""",52
152,"""I Feel for You""",49
153,"""Cheerleader""",145
154,"""Marvin Gaye""",146
155,"""Addicted to Love""",147
156,"""Are You Lonesome Tonight?""",148
157,"""Just Dance""",149
158,"""Bills""",150
159,"""What I Like About You""",151
160,"""Shake a Tail Feather""",152
161,"""Lady Marmalade""",153
162,"""This Will Be (An Everlasting Love)""",154
77,"""Bang Bang""",155
163,"""Tell Her""",156
164,"""Material Girl""",157
165,"""Jumpin' Jack Flash""",158
166,"""I Wish I Were in Love Again""",61
167,"""Play That Funky Music""",159
168,"""The Pink Panther Theme""",160
169,"""Story of My Life""",90
170,"""Walk Away""",20
171,"""Somewhere Only We Know""",161
172,"""Star Wars Theme""",162
173,"""Request Line""",163
174,"""(Up a) Lazy River""",164
175,"""Shut Up and Drive""",165
176,"""Moondance""",166
177,"""How Sweet It Is (To Be Loved By You)""",75
178,"""Chain of Fools""",38
134,"""The Power of Love""",167
179,"""I Was Made to Love Her""",96
180,"""True""",168
181,"""Walkin' on the Sun""",169
182,"""Saving All My Love For You""",113
183,"""Tears Dry on Their Own""",91
184,"""If I Lose Myself""",170
185,"""Pack Up""",171
186,"""Big Spender""",172
187,"""Party Rock Anthem""",173
188,"""Call Me Irresponsible""",164
189,"""Blow Me (One Last Kiss)""",174
190,"""Dinero""",175
191,"""YES""",176
192,"""Good Golly, Miss Molly""",177
193,"""Theme from The Dukes of Hazzard (Good Ol' Boys)""",178
194,"""Sissy That Walk""",179
195,"""Centerfield""",180
196,"""When You Believe""",181
197,"""Finesse""",33
198,"""There's Nothing Holdin' Me Back""",182
199,"""Come Get It Bae""",183
200,"""Woman""",184
201,"""Sign of the Times""",185
202,"""So What""",174
203,"""Make Something Beautiful""",186
204,"""Go, Cubs, Go""",187
205,"""XXPEN$IVE""",188
206,"""24K Magic""",33
207,"""Daylight""",189
208,"""Yellow""",190
209,"""Ac-Cent-Tchu-Ate the Positive""",38
210,"""Low""",191
211,"""Here""",192
212,"""Ice Ice Baby""",193
213,"""Dangerous Woman""",194
214,"""Kiss You""",90
215,"""Three Times A Lady""",195
216,"""Respect""",38
217,"""I Have Nothing""",113
218,"""September""",196
219,"""Hold Me Closer""",197
161,"""Lady Marmalade""",198
220,"""Barbra Streisand""",199
221,"""Sweet Home Alabama""",200
222,"""I Never Loved a Man (The Way I Love You)""",201
223,"""I Like It""",202
224,"""Your Song""",203
225,"""Best of My Love""",204
226,"""The Way You Look Tonight""",61
227,"""Lifestyles of the Rich and Famous""",205
228,"""Motownphilly""",206
229,"""Move (You're Steppin' on My Heart)""",207
230,"""In the Night""",208
231,"""Cake by the Ocean""",209
232,"""Moves Like Jagger""",210
233,"""Breakaway""",20
234,"""This Year's Love""",211
235,"""Dancing in the Street""",212
236,"""Forget You""",125
237,"""Sweet Soul Music""",213
238,"""Break Your Heart""",48
239,"""These Arms of Mine""",214
240,"""Sex Bomb""",215
241,"""Gimme All Your Lovin'""",216
160,"""Shake a Tail Feather""",111
242,"""Wild Thing""",217
243,"""Hey, Good Lookin'""",218
244,"""Whistle (While You Work It)""",219
245,"""Hey Mama""",220
246,"""Train in Vain""",131
247,"""It is You (I Have Loved)""",221
248,"""You Ain't Seen Nothing Yet""",222
249,"""You Light Up My Life""",223
250,"""Footloose""",224
251,"""Uptown Funk""",225
252,"""New York, New York (FWB Remix)""",226
253,"""Birthday""",126
254,"""Born to Be Wild""",227
255,"""Dance with Me Tonight""",228
256,"""I Heard It Through the Grapevine""",75
257,"""Do I Do""",96
258,"""Close to Me""",229
259,"""All Night""",230
260,"""Burn""",231
261,"""Timber""",232
262,"""Money (That's What I Want)""",233
263,"""Bubbly""",234
102,"""Feeling Good""",235
264,"""The More I See You""",236
265,"""The Way You Move""",237
266,"""Bewitched""",238
267,"""A Little Less Conversation""",148
268,"""Cheek to Cheek""",82
269,"""Let's Hear It for the Boy""",239
270,"""Two Hearts""",240
271,"""Disco Inferno""",241
272,"""I Just Wanna Make Love to You""",242
273,"""Hey Daddy""",243
274,"""Get Busy""",244
275,"""Wings""",245
276,"""Imagine""",246
277,"""Weird Science""",247
278,"""Love Song""",22
279,"""Set Fire to the Rain""",248
280,"""Shout""",249
281,"""I'm a Lady""",67
282,"""It Don't Mean a Thing (If It Ain't Got That Swing)""",250
283,"""Fish Out of Water""",251
284,"""The Plaza of Execution""",252
285,"""Basketball""",253
286,"""Born Ready""",254
287,"""Don't Worry""",255
288,"""The A-Team theme""",256
289,"""Untouchable""",257
290,"""No Rights No Wrongs""",121
291,"""Feel Again""",170
292,"""Live While We're Young""",90
293,"""Tiny Dancer""",203
294,"""God Blessed Texas""",258
295,"""Stuff Like That There""",259
188,"""Call Me Irresponsible""",236
296,"""American Girl""",260
297,"""The Brady Bunch""",261
298,"""Come Away with Me""",51
299,"""I Don't Wanna Miss a Thing""",55
300,"""We Found Love""",262
301,"""She's a Bad Mama Jama (She's Built, She's Stacked)""",263
302,"""Got to Give It Up""",75
303,"""Tití Me Preguntó""",264
304,"""Neutron Dance""",265
305,"""Emotion""",266
306,"""Top Hat, White Tie and Tails""",267
307,"""Careless Whisper""",268
308,"""Proud Mary""",269
309,"""Dancing with Myself""",30
310,"""Gimme Some Lovin""",270
311,"""Sir Duke""",96
312,"""Bad Man""",271
313,"""My House""",272
314,"""Bun Up the Dance""",273
315,"""Girlfriend""",274
316,"""Gotta Work""",275
317,"""I Write Sins Not Tragedies""",276
318,"""I Got Rhythm""",277
319,"""Tush""",216
320,"""I've Got You Under My Skin""",61
321,"""The Best Damn Thing""",274
322,"""Love You I Do""",278
323,"""Hip to be Square""",167
324,"""Crocodile Rock""",203
235,"""Dancing in the Street""",86
325,"""Ten Feet Tall""",279
326,"""I Don't Like It, I Love It""",280
327,"""Nothin' but a Good Time""",281
328,"""Moon River""",282
329,"""We Are in Love""",283
330,"""Juicy Wiggle""",284
331,"""I Lived""",170
332,"""Physical""",285
333,"""Take Me to Church""",286
334,"""Drop It Like It's Hot""",287
335,"""Shake It Off""",288
336,"""3-6-9""",289
337,"""Black Mambo""",290
338,"""I Do the Jerk""",291
339,"""Lover, Come Back to Me""",292
340,"""Coconut Woman""",293
341,"""Counting Stars""",170
342,"""Beyond the Sea""",164
343,"""Let Her Go""",294
344,"""You Can't Sit Down""",295
345,"""Get on Your Feet""",296
346,"""I Got a Girl""",297
347,"""King of the Road""",298
348,"""You're the First, the Last, My Everything""",299
349,"""Take On Me""",300
350,"""Right Now""",301
351,"""(Your Love Keeps Lifting Me) Higher and Higher""",302
352,"""Independent Women Part I""",266
353,"""Don't Get Me Wrong""",303
354,"""Lust for Life""",304
355,"""Bop to the Top""",305
356,"""Jump""",306
357,"""Clarity""",307
358,"""Some Kind of Wonderful""",308
359,"""Redneck Woman""",309
360,"""Everybody Talks""",310
361,"""Five Months, Two Weeks, Two Days""",311
362,"""Black Betty""",312
363,"""Sweet Sensation""",272
364,"""Do It Like This""",313
365,"""La Malanga""",314
366,"""Next to Me""",315
367,"""This Is My Time""",316
368,"""Bad Intentions""",317
369,"""España cañí""",318
370,"""I've Got the Music in Me""",319
371,"""Witchcraft""",61
372,"""Good Feeling""",272
373,"""Billy-a-Dick""",320
374,"""I Don't Want to Be""",321
375,"""Green Acres Theme""",322
376,"""As Days Go By""",323
377,"""Game of Thrones Theme""",324
378,"""You're The One That I Want""",325
379,"""Endless Love""",326
380,"""Let's Face the Music and Dance""",327
381,"""When I Grow Up""",301
382,"""As It Was""",185
383,"""Pump It""",328
384,"""If My Friends Could See Me Now""",329
385,"""I'm Like a Bird""",330
386,"""Zoot Suit Riot""",331
387,"""Take My Breath Away""",332
388,"""Ain't Nothing Wrong With That""",333
389,"""Marry You""",33
390,"""Sexy, Sexy!""",334
391,"""Tell Her About It""",29
392,"""Don't""",335
393,"""Ran Kan Kan""",336
394,"""Danza Kuduro""",337
395,"""Adorn""",338
396,"""Diamonds Are a Girl's Best Friend""",339
397,"""Runaway Baby""",33
398,"""Surfin' Safari""",73
399,"""Crazy Little Thing Called Love""",56
400,"""Black Horse and the Cherry Tree""",340
401,"""The Boys Are Back in Town""",341
402,"""You're the One That I Want""",325
403,"""Suddenly I See""",340
404,"""Magic""",342
405,"""Hound Dog""",148
406,"""Love Machine""",343
407,"""Shake It""",344
408,"""Fly Me to the Moon""",61
409,"""SOS""",165
410,"""Love Story""",288
411,"""I Wanna Be Loved By You""",345
412,"""Complicación""",336
413,"""Boogie Woogie Bugle Boy""",346
414,"""El Cumbanchero""",347
415,"""We Go Together""",348
416,"""Higher""",296
417,"""Life Is a Highway""",349
418,"""Time of Our Lives""",350
419,"""(I Can't Get No) Satisfaction""",214
420,"""Blue Skies""",243
421,"""Ding Dong Daddy of the D-Car Line""",331
422,"""Mambo Gozon""",336
423,"""I Want You To Want Me""",351
424,"""All Nite (Don't Stop)""",26
425,"""Peter Gunn Theme""",160
426,"""Big and Bad""",352
427,"""Americano""",334
428,"""My Lovin' (You're Never Gonna Get It)""",353
429,"""Man With the Hex""",354
430,"""Bossa Nova Hand Dance (Deixa Isso Pra La)""",355
431,"""Ride wit Me""",356
432,"""Viva Las Vegas""",148
433,"""Mambo (Uno, Dos, Tres)""",357
434,"""99 Red Balloons""",358
435,"""Para Los Rumberos""",19
436,"""La Bamba""",359
437,"""Ring of Fire""",360
438,"""Mambo Italiano""",130
439,"""The Lady Is a Tramp""",361
440,"""Maracaibo Oriental""",362
441,"""Sing, Sing, Sing""",346
442,"""Betece""",363
318,"""I Got Rhythm""",82
443,"""Papa Loves Mambo""",364
444,"""Wild Ones""",365
445,"""Straight to Memphis""",250
446,"""Non Non Rien N'a Changé""",366
447,"""A Cool Cat In Town""",367
448,"""Dance, Dance""",368
449,"""Creep""",369
450,"""Strong Ones""",370
451,"""Tres Deseos""",296
452,"""Shake the Room""",371
453,"""Walking on Sunshine""",372
454,"""It's a Small World""",373
455,"""What About Us""",174
456,"""Make Way""",374
457,"""BO$$""",375
458,"""Swing Set""",376
459,"""Whatever Lola Wants""",377
460,"""Love Me Now""",378
461,"""Grown""",245
462,"""Unlove You""",379
463,"""Burnin' Up""",380
464,"""Chantilly Lace""",381
465,"""Five Guys Named Moe""",119
466,"""This Head That I Hold""",382
467,"""Go, Diego, Go! Theme""",383
468,"""Love and Marriage""",61
469,"""Bewitched Theme""",384
470,"""The X-Files""",385
471,"""DuckTales""",386
472,"""Hero""",387
473,"""It Don't Mean a Thing""",388
474,"""Reet Petite""",302
475,"""Get Lucky""",389
476,"""The Time of My Life""",390
477,"""Savage (Major Lazer Remix)""",391
478,"""Trouble""",148
479,"""Do You Love Me""",392
480,"""Stay the Night""",393
481,"""Real Wild Child""",394
482,"""Nice Work If You Can Get It""",395
483,"""Lighting Up the Night""",396
484,"""Conga""",397
485,"""Stole the Show""",398
486,"""Pata Pata""",399
487,"""Walkin' Back to Happiness""",400
488,"""Hey Ya!""",237
489,"""Love Is All Around""",401
490,"""The Boy Does Nothing""",402
282,"""It Don't Mean a Thing (If It Ain't Got That Swing)""",388
491,"""Nobody But Me""",403
492,"""Part-Time Lover""",96
493,"""Last Night a D.J. Saved My Life""",404
494,"""Dreaming""",405
495,"""(If You're Wondering If I Want You To) I Want You To""",406
496,"""Danger Zone""",224
497,"""100 Years""",407
498,"""I'm Still Standing""",203
499,"""Hot Honey Rag""",408
500,"""Vision of Love""",409
501,"""Midnight Train to Georgia""",410
502,"""This Is How We Roll""",411
503,"""Chicago (That Toddlin' Town)""",61
504,"""Only the Good Die Young""",29
505,"""Queen Bee""",412
506,"""Las Muchachas""",413
507,"""Oh, Boy!""",414
508,"""Say Hey (I Love You)""",415
509,"""As Long as I'm Singing""",334
510,"""Whole Lotta Shakin' Goin' On""",416
511,"""You Make Me Feel So Young""",236
512,"""Working My Way Back to You""",417
513,"""Call Me Maybe""",418
514,"""Land of a Thousand Dances""",419
515,"""Girls in Bikinis""",420
516,"""La Comay""",421
517,"""Bei Mir Bist Du Schon""",422
518,"""Baby Got Back""",423
519,"""Say Something""",424
520,"""Follow the Leader""",425
521,"""Addicted to You""",426
522,"""Swing With Me""",427
523,"""Lupita""",357
524,"""Flip, Flop and Fly""",152
525,"""Mas Que Nada""",428
112,"""Cuban Pete""",429
526,"""Simply Irresistible""",147
527,"""Applause""",430
528,"""The Nicest Kids in Town""",431
529,"""Who Says""",432
530,"""Don't Stop Me Now""",56
118,"""Crazy in Love""",433
531,"""The Boy from New York City""",434
532,"""The Rest of Our Life""",435
318,"""I Got Rhythm""",436
533,"""See You Again""",437
534,"""Sing, Sing, Sing (With a Swing)""",311
535,"""Hit Me with a Hot Note""",438
536,"""Whatever It Takes""",315
537,"""Pillowtalk""",439
538,"""Give Me Your Love""",440
539,"""Suffer""",441
540,"""Poker Face""",430
541,"""Into Action""",442
542,"""Jumpin' Jack""",352
543,"""The Walking Dead Theme""",443
544,"""Angela""",444
545,"""The Muppet Show Theme""",445
546,"""Great Gosh A'Mighty""",177
547,"""Toxic""",446
548,"""Dance with Me""",447
549,"""Heartbreak Hotel""",148
550,"""Shake, Rattle and Roll""",148
551,"""All Shook Up""",148
552,"""Hernando's Hideaway""",448
16,"""La Cumparsita""",449
553,"""Jailhouse Rock""",148
554,"""Ain't Too Cool""",150
555,"""Echa Pa'lla (Manos Pa'rriba)""",450
556,"""Buster Voodoo""",451
557,"""Sorry (Latino remix)""",452
558,"""Jump, Jive, an' Wail""",334
559,"""Chelsea""",453
560,"""Let It Be""",15
561,"""You and Me""",454
562,"""You Can't Hurry Love""",80
563,"""A Little Respect""",455
564,"""Walk Like an Egyptian""",456
565,"""With You I'm Born Again""",457
566,"""Canción del Mariachi""",458
567,"""1+1=2""",297
568,"""Meddle""",459
569,"""Don't Stop Believin'""",460
570,"""Que Es Lo Que Quiere Esa Nena""",461
571,"""Cobrastyle""",462
396,"""Diamonds Are a Girl's Best Friend""",345
572,"""The Cup of Life""",114
573,"""Kryptonite""",463
574,"""Rumour Has It""",248
575,"""My Sharona""",464
576,"""Somebody That I Used to Know""",465
577,"""Boogie Wonderland""",196
578,"""Gettin' Jiggy wit It""",466
579,"""All About That Bass""",67
580,"""Girls Just Want to Have Fun""",467
581,"""Do My Thing""",468
582,"""Dance Bailalo""",469
583,"""Yeah 3x""",470
584,"""House of Bamboo""",282
585,"""Mack The Knife""",471
586,"""Hey Baby""",472
587,"""Valerie""",91
588,"""They're Red Hot""",473
589,"""Shake, Rattle, and Roll""",167
590,"""Libertango""",474
591,"""Bad Moon Rising""",475
592,"""Goldfinger""",135
593,"""The Heat Is On""",476
594,"""Santa Maria (del Buen Ayre)""",477
552,"""Hernando's Hideaway""",82
595,"""Mad World""",478
596,"""Get Up Offa That Thing""",144
597,"""Just Give Me a Reason""",479
598,"""María""",114
484,"""Conga""",296
599,"""Fever""",236
600,"""Welcome to New York""",288
601,"""New York's My Home""",361
602,"""Swan Lake Suite""",436
603,"""O""",190
604,"""Stand by Me""",480
605,"""I'm Going Down""",481
606,"""Look What You Made Me Do""",288
607,"""Hallelujah I Love Her So""",111
608,"""Count on Me""",482
609,"""Eye of the Tiger""",483
610,"""Bust a Move""",484
611,"""One Way or Another (Teenage Kicks)""",90
612,"""Lights""",231
613,"""Too Many Fish in the Sea""",320
614,"""Tamacun""",451
615,"""Save Tonight""",108
616,"""Big Trouble""",485
617,"""Tequila""",486
618,"""King Creole""",148
619,"""Can't Help Falling in Love""",148
620,"""Cell Block Tango""",408
621,"""Saturday Night's Alright for Fighting""",203
622,"""Por una Cabeza""",487
623,"""Matador Paso""",488
624,"""New York State of Mind""",29
625,"""To Where You Are""",489
626,"""If I Could""",490
627,"""Dog Days Are Over""",491
628,"""Home""",492
629,"""Hold On""",493
630,"""Laugh at Me""",494
631,"""I'll Be There""",116
632,"""Fantasy""",495
633,"""You Raise Me Up""",489
634,"""My Prerogative""",496
635,"""Edelweiss""",497
636,"""Bad Day""",498
637,"""Copacabana""",85
638,"""Don't Let Me Be Misunderstood""",499
639,"""Hey, Soul Sister""",6
640,"""See the Day""",500
641,"""Paparazzi""",430
642,"""Anything Goes""",501
478,"""Trouble""",139
643,"""We Are Family""",502
644,"""Wouldn't It Be Nice""",73
628,"""Home""",503
645,"""You Shook Me All Night Long""",504
646,"""Homegrown Honey""",505
647,"""Thinking Out Loud""",335
648,"""Sugar""",189
649,"""In da Club""",506
650,"""Sing""",335
651,"""She's Country""",507
652,"""Palladio, First Movement""",508
653,"""You'll Never Find Another Love Like Mine""",509
654,"""I Kissed a Girl""",126
655,"""You Give Me Something""",510
656,"""The Middle""",511
657,"""You May Be Right""",29
658,"""The Beat Goes On""",512
659,"""New Shoes""",513
660,"""Cite Tango""",474
661,"""You Never Can Tell""",514
662,"""Star Wars Theme/Cantina Band""",162
663,"""Hard Headed Woman""",148
664,"""Jealousy""",515
665,"""These Boots Are Made For Walkin'""",41
666,"""What You Waiting For""",516
667,"""Hey Sexy Lady""",517
668,"""Symphony No. 5""",518
638,"""Don't Let Me Be Misunderstood""",519
669,"""Underneath Your Clothes""",520
369,"""España cañí""",521
670,"""Moves like Jagger""",522
671,"""Free Your Mind""",353
624,"""New York State of Mind""",523
672,"""New Dorp. New York.""",524
673,"""Living in New York City""",525
674,"""Despacito""",526
136,"""Ain't That a Kick in the Head?""",527
675,"""A Little Party Never Killed Nobody""",528
676,"""Give Me Love""",335
677,"""If It Ain't Love""",529
678,"""Iris""",530
679,"""Woman's World""",531
680,"""Booty""",532
681,"""Soul Bossa Nova""",533
682,"""Just The Two of Us""",534
683,"""Bailamos""",387
684,"""Bossa Nova Baby""",148
685,"""Dream a Little Dream of Me""",535
686,"""Cold, Cold Heart""",51
687,"""Thriller""",32
688,"""Why Don't You Do Right""",536
689,"""For the Cool in You""",537
690,"""La Vida Es Un Carnaval""",538
691,"""One Sweet Day""",539
692,"""Rainbow Connection""",540
693,The Facts of Life theme,541
694,"""In the Air Tonight""",240
695,"""Happy""",183
696,"""7 Years""",542
697,"""If You're Reading This""",543
698,"""Gravity""",22
699,"""Over the Rainbow""",544
700,"""Stay Gold""",96
701,"""Let It Be Me""",139
702,"""Just the Way You Are""",33
703,"""Put It in a Love Song""",545
704,"""Are You Gonna Be My Girl""",546
705,"""Take a Picture""",547
706,"""Turn the Beat Around""",296
707,"""Take Me Out""",548
708,"""Mercy Mercy Me""",75
709,"""Boléro""",549
710,"""I Believe in You and Me""",113
711,"""Surfboard""",550
712,"""Lullabye (Goodnight, My Angel)""",29
713,"""Fade into You""",551
714,"""Jalousie""",552
715,"""El Tango de Roxanne""",553
237,"""Sweet Soul Music""",554
716,"""Mess Around""",111
717,"""Perfidia""",555
718,"""Kids in America""",556
719,"""Can I Get a Witness""",75
720,"""Rock the Casbah""",131
721,"""Les Toreadors""",557
722,"""Blue Suede Shoes""",148
723,"""If I Were A Painting""",558
724,"""Skyfall""",248
725,"""Canción Del Mariachi""",559
726,"""Mr. Pinstripe Suit""",352
727,"""Living on Video""",560
38,"""(You Make Me Feel Like) A Natural Woman""",561
728,"""42nd Street""",331
729,"""Can't Touch It""",562
730,"""Theme from New York, New York""",61
731,"""Easy""",563
732,"""Diablo Rojo""",451
733,"""Most Girls""",564
734,"""She's a Lady""",565
735,"""Chapel of Love""",566
736,"""Shake Your Bon-Bon""",114
737,"""Da Ya Think I'm Sexy?""",567
738,"""Another One Bites the Dust""",56
739,"""Into the Sunset (Headhunterz radio edit)""",568
740,"""Battle Cry""",315
741,"""Bella Donna Twist""",569
742,"""Let There Be Love""",78
743,"""If I Can Dream""",148
744,"""Suspicious Minds""",148
745,"""Always On My Mind""",148
746,"""Burning Love""",148
747,"""The Final Countdown""",570
748,"""Bootylicious""",266
749,"""Cum On Feel the Noize""",571
750,"""300 Violin Orchestra""",572
69,"""Tonight (I'm Lovin' You)""",573
751,"""O-o-h Child""",574
752,"""Theme from Mission: Impossible""",575
753,"""Con te partirò""",576
754,"""Waltz of the Flowers""",577
755,"""March of the Toreadors""",557
756,"""Falling In Love At a Coffee Shop""",578
757,"""Boom Boom Pow""",163
758,"""Whine Up""",579
159,"""What I Like About You""",580
405,"""Hound Dog""",581
759,"""1812 Overture""",577
760,"""All I Want To Do""",582
761,"""Bananza (Belly Dancer)""",583
762,"""I'm Yours""",584
763,"""I Can't Get Next To You""",35
764,"""Empire""",520
765,"""Celebrate""",450
766,"""Limbo""",585
767,"""Hey Goldmember""",586
768,"""Unchained Melody""",587
769,"""(Everything I Do) I Do It for You""",588
770,"""Waiting on the World to Change""",589
771,"""Malagueña""",334
772,"""Bleeding Love""",590
773,"""Why Do Fools Fall in Love""",591
774,"""All of Me""",378
775,"""Human""",592
776,"""Goody Two Shoes""",593
777,"""I Can't Tell A Waltz From A Tango""",594
778,"""El Choclo""",595
779,"""Please Mr. Brown""",594
780,"""Mr. Bojangles""",527
781,"""If You Don't Know Me By Now""",596
782,"""You Give Love a Bad Name""",53
783,"""He Was Beautiful""",135
784,"""The Phantom of the Opera""",597
785,"""Tennessee Waltz""",598
149,"""It's My Life""",53
786,"""Diga Diga Doo""",388
787,"""Come Fly with Me""",61
118,"""Crazy in Love""",599
788,"""Hey Pachuco""",600
789,"""Forty-Second Street""",601
790,"""Why Don't You Do Right?""",602
791,"""I Will Survive """,603
792,"""Conqueror""",604
793,"""Walk on Water""",605
794,"""Anything You Can Do""",606
795,"""Mi Gente""",607
796,"""Lights Down Low""",608
797,"""Havana""",609
798,"""Instruction""",610
799,"""Hot in Herre""",611
800,"""Candy Shop""",612
801,"""Take Me to Heaven""",613
802,"""Swalla""",614
186,"""Big Spender""",135
803,"""Slow Dancing in a Burning Room""",589
804,"""Get Up (I Feel Like Being a) Sex Machine""",144
805,"""Stay""",615
806,"""Pour Some Sugar on Me""",616
807,"""High Bar/Taikoba""",617
808,"""Here Comes the Sun""",15
809,"""Battlefield""",618
810,"""Two Two Tango""",619
369,"""España cañí""",620
811,"""Bamboleo""",621
812,"""No Time to Die""",622
813,"""Le Freak""",623
814,"""No More Tears (Enough Is Enough)""",292
815,"""For Once in My Life""",96
816,"""Time Is Running Out""",624
419,"""(I Can't Get No) Satisfaction""",158
817,"""Conquest""",625
818,"""Party in the U.S.A.""",626
819,"""The Star-Spangled Banner""",206
820,"""Verge""",627
821,"""Friend Like Me""",628
822,"""The Raiders March""",629
823,"""The Black Pearl""",630
824,"""Flash's Theme""",56
825,"""Romeo and Juliet""",631
826,"""Explosive / Adagio for Strings""",632
827,"""Hedwig's Theme""",629
828,"""Seven Nation Army""",625
829,"""Long Tall Sally""",177
830,"""Heaven Is a Place on Earth""",633
831,"""Somewhere in Time"" theme",634
832,"""Get Ready""",35
833,"""Only a Man""",635
834,"""More Than This""",51
835,"""El Matador""",636
836,"""Come Rain or Come Shine""",154
837,"""Jump in the Line (Shake, Senora)""",293
838,"""Dangerous""",637
839,"""How Long Will I Love You?""",231
840,"""Married Life""",638
841,"""Back to Black""",639
842,"""America""",640
843,"""Let Me Leave""",641
844,"""Rock Around the Clock""",642
845,"""What's New Pussycat?""",215
846,"""Lovin' U""",9
847,"""The Ballroom Blitz""",643
848,"""I Got a Woman""",111
849,"""Rio""",140
850,"""Blue Monday""",644
851,"""You Spin Me Round (Like a Record)""",645
852,"""Piano Man""",29
853,"""Captain From Castille""",646
854,"""A Kind of Magic""",56
855,"""Foolish""",647
856,"""Sandy's Song""",648
857,"""Take It to the Limit""",649
858,"""Cancion Del Mariachi""",650
859,"""Freedom! '90""",651
860,"""William Tell Overture""",652
77,"""Bang Bang""",653
861,"""At the Hop""",654
862,"""Better in Time""",590
863,"""Jai Ho (You Are My Destiny)""",655
864,"""Ashes""",3
865,"""Luck Be a Lady""",656
866,"""Scooby Doo Pa Pa""",657
867,"""Mani Picao""",658
868,"""Perm""",33
869,"""Red Right Hand""",659
870,"""Impossible""",375
871,"""YMCA""",660
872,"""Que Sera, Sera (Whatever Will Be, Will Be)""",661
873,"""Jeux d'Eau""",617
874,"""Come Together""",15
875,"""Tzelma""",617
876,"""The Way You Make Me Feel""",32
877,"""La Nouba""",617
878,"""Diamonds Are Forever""",135
879,"""You Know My Name""",662
880,"""The World Is Not Enough""",663
881,"""Licence to Kill""",664
882,"""Dirrty""",665
883,"""Purple Haze""",666
884,"""Bohemian Rhapsody""",56
885,"""We're Not Gonna Take It""",667
886,"""Part of Your World""",668
887,"""Trashin' the Camp""",240
888,"""A Spoonful of Sugar""",669
889,"""I Wan'na Be Like You""",368
890,"""You've Got a Friend in Me""",670
891,"""Theme from Superman""",629
892,"""The Murder""",671
893,"""Gonna Fly Now""",672
894,"""I Dovregubbens Hall""",673
895,"""The Flower Duet""",674
84,"""Too Darn Hot""",675
896,"""Crash""",676
897,"""Come Home""",677
296,"""American Girl""",678
898,"""Girl on Fire""",9
899,"""Coming Home, Pt. II""",679
900,"""Recipe for Love""",283
901,"""Remedio P'al Corazon""",680
902,"""Come Dance with Me""",61
903,"""Oye 2014""",681
904,"""Hanuman""",682
905,"""Rather Be""",683
906,"""Chillando Goma""",684
907,"""Singin' in the Rain""",685
908,"""How Will I Know""",686
909,"""Call Me the Breeze""",200
910,"""Für Elise""",518
911,"""The Girl Can't Help It""",177
912,"""Dark Horse""",687
913,"""Sugarfoot""",688
914,"""Love Me Right!""",689
915,"""Wildest Moments""",690
916,"""Do Right Woman, Do Right Man""",242
917,"""Plaza of Execution""",252
918,"""Because We Can""",691
919,"""Collecting the Ballots""",692
920,"""Dance Like This""",693
921,"""Every Breath You Take""",694
922,"""I Wish""",96
226,"""The Way You Look Tonight""",236
923,"""Hollywood Swinging""",695
924,"""Let Me Drown""",696
475,"""Get Lucky""",697
925,"""This Cat's on a Hot Tin Roof""",698
926,"""Poison""",699
927,"""Ladies Man""",206
928,"""The Gambler""",558
929,"""Heat Wave""",700
930,"""The Fresh Prince of Bel-Air""",701
931,"""Tubthumping""",702
932,"""Love on the Brain""",165
933,"""Shape of You""",335
934,"""My Wish""",349
935,"""Amazing Grace""",436
936,"""Shut Up and Dance""",703
937,"""I Won't Give Up""",584
938,"""The Hollywood Wiz""",704
939,"""From the Ground Up""",705
940,"""I'm So Excited""",265
941,"""Let's Get Loud""",706
161,"""Lady Marmalade""",707
942,"""Los Muertos Vivos Están""",708
943,"""For Your Eyes Only""",709
944,"""Shut Up""",163
945,"""Perhaps, Perhaps, Perhaps""",661
946,"""9 to 5""",648
947,"""School's Out""",710
948,"""Paint It, Black""",158
949,"""Rhythm Is Gonna Get You""",296
950,"""Try Everything""",520
951,"""A Dream Is a Wish Your Heart Makes""",711
952,"""Belle""",712
953,"""Circle of Life (District 78 remix)""",713
954,"""Livin' on a Prayer""",53
955,"""America the Beautiful""",113
956,"""New York, New York""",61
957,"""The Bare Necessities""",714
958,"""Old Time Rock and Roll""",715
959,"""Take Me on the Floor""",716
960,"""Shall We Dance?""",717
961,"""King of Swing""",352
962,"""Would You...?""",718
963,"""Thank You for Being a Friend""",719
964,"""Bandstand Boogie""",85
965,"""Variations on Dark Eyes""",720
966,"""Milkshake""",721
967,"""Love Will Keep Us Together""",722
968,"""Try""",234
969,"""Daughters""",589
970,"""That's the Way (I Like It)""",723
971,"""Brand New""",724
972,"""Grown Woman""",725
973,"""Higher Ground""",96
974,"""It's a Man's, Man's, Man's World""",144
975,"""La Virgen de la Macarena""",726
976,"""Keep Holding On""",274
977,"""Crickets Sing for Anamaria""",727
978,"""What's Going On""",75
979,"""Heaven Must Be Missing an Angel""",728
980,"""Besame Mucho""",729
981,"""Love Is in the Air""",730
982,"""Eso Beso""",731
983,"""So Nice""",732
984,"""Cha Cha""",733
985,"""Man Like That""",734
986,"""Fix You""",190
987,"""Want U Back""",735
988,"""That Old Black Magic""",361
989,"""Storm"" (from Kà)",618
990,"""It's Gonna Be Me""",736
991,"""Wake Me Up Before You Go-Go""",268
992,"""I Can't Help Myself (Sugar Pie Honey Bunch)""",737
993,"""Jump (For My Love)""",265
994,"""Forever Young""",738
995,"""Unconditionally""",126
996,"""We Will Rock You""",56
997,"""Watching You""",739
998,"""Titanium""",740
999,"""In My Daughter's Eyes""",741
1000,"""A Song for You""",742
1001,"""Rise""",126
1002,"""Get The Party Started""",174
1003,"""The Look of Love""",743
249,"""You Light Up My Life""",113
1004,"""The Name's Bond... James Bond""",744
1005,"""Thunderball""",215
1006,"""Another Way to Die""",745
562,"""You Can't Hurry Love""",240
1007,"""Aguanilé""",746
1008,"""Tanguedia II""",11
1009,"""Sweetheart from Venezuela""",293
1010,"""Hold Back the River""",747
1011,"""Wake Me Up Before You Go Go""",268
1012,"""Hello""",195
1013,"""God Bless The USA""",748
1014,"""American Woman""",749
1015,"""The Yankee Doodle Boy""",750
1016,"""I'll Be There for You""",751
1017,"""Don't You (Forget About Me)""",752
1018,"""Oh, Pretty Woman""",753
1019,"""I Don't Want to Miss a Thing""",55
1020,"""Comanche""",754
1021,"""Secret Agent Man""",755
1022,"""Don't Lie""",163
1023,"""The Ballad of Gilligan's Isle""",756
1024,"""A Beautiful Mine""",757
1025,"""Breaking Bad Theme""",758
1026,"""Taquito Militar""",759
1027,"""Summertime Blues""",760
1028,"""Suite Punta Del Este""",761
1029,"""You and Me and the Bottle Makes 3 Tonight (Baby)""",352
1030,"""Not My Father's Son""",762
1031,"""The Last Waltz""",763
1032,"""The Book of Love""",764
1033,"""Givin' It Up for Your Love""",765
1034,"""Dance with My Father""",766
1035,"""Love Will Never Do (Without You)""",26
1036,"""Bohemian Like You""",767
1037,"""De Donde Soy""",768
1038,"""The Big Date""",769
1039,"""I Go to Rio""",770
1040,"""Too Close""",771
821,"""Friend Like Me""",772
1041,"""My Family is My Life""",252
1042,"""A-Tisket, A-Tasket""",773
1043,"""Breathe Again""",774
1044,"""I Dream of Jeannie""",775
1045,"""Me & Mrs. Jones""",776
1046,"""Cosmic Girl""",777
1047,"""Put Your Records On""",778
1048,"""I Like to Move It""",779
1049,"""What's Love Got to Do with It""",28
1050,"""ABC""",116
1051,"""Father Figure""",651
1052,"""Lewis Boogie Blues""",780
1053,"""Habañera""",781
1054,"""Symphony 6: Fair Thee Well & the Requiem Mix""",782
1055,"""Shake Señora""",450
1056,"""Carry On""",783
1057,"""Papi""",706
1058,"""I Will Always Love You""",113
1059,"""Mrs. Robinson""",784
1060,"""Circus""",446
57,"""We Are the Champions""",436
1061,"""The Breaks""",253
1062,"""The Glory Days""",638
1063,"""Adventure of a Lifetime""",190
1064,"""Express Yourself""",157
1065,"""Good Good Father""",785
102,"""Feeling Good""",236
1066,"""Evermore""",489
1067,"""Hallelujah""",786
1068,"""Love On Top""",725
1069,"""A Thousand Years""",592
1070,"""Surprise Yourself""",787
1071,"""Woman Up""",67
1072,"""The Right Time""",788
604,"""Stand by Me""",789
1073,"""La Negra Tiene Tumbao""",538
1074,"""I Am What I Am""",790
1075,"""GoldenEye""",28
1076,"""Writing's on the Wall""",686
1077,"""Since U Been Gone""",20
1078,"""One Way or Another""",405
1079,"""Un-Break My Heart""",774
599,"""Fever""",602
1080,"""Buttons""",301
1081,"""Fiebre""",791
1082,"""Bumpy Ride""",792
1083,"""Sin Rumbo""",793
1084,"""Black and Gold""",794
1085,"""Perfect""",90
1086,"""Get Down on It""",695
1087,"""Tainted Love""",795
1088,"""Easy Lover""",796
1089,"""Walk Like a Man""",797
1090,"""Baby One More Time""",446
1091,"""The Brady Bunch Theme""",261
469,"""Bewitched Theme""",775
1092,"""Unwritten""",798
1093,"""Charlie's Angels Theme""",775
245,"""Hey Mama""",163
1094,"""El Sonido De La Milonga""",799
1095,"""When I Get You Alone""",525
1096,"""Mas de lo Mismo""",14
1097,"""La Bomba""",800
1098,"""Turn Me On""",801
1099,"""Total Eclipse of the Heart""",802
964,"""Bandstand Boogie""",803
1100,"""The Addams Family Theme""",322
1101,"""Bad Things""",804
1102,"""Movin' on Up""",805
1103,"""Cité Tango""",477
1104,"""Brown Derby Jump""",331
590,"""Libertango""",632
1105,"""Dance Little Sister""",158
1106,"""Assassin's Tango""",806
1107,"""Dan Swit Me""",807
1108,"""Turning Tables""",248
1109,"""Three's Company, Too""",808
1110,"""Atlas""",190
1111,"""Hunter""",183
1112,"""It's Not Unusual""",215
1113,"""One Two Three Four (Get On The Dance Floor)""",809
1114,"""La Bohemia""",810
1115,"""Hip Hip Chin Chin""",250
1116,"""Disturbia""",165
1117,"""Bounce With Me""",811
1118,"""Supercalifragilisticexpialidocious""",812
1119,"""Be Our Guest""",813
1120,"""So This Is Love""",814
1121,"""I Just Can't Wait to Be King""",815
1122,"""Tambourine""",816
1123,"""If You're Not the One""",817
1124,"""Samba Hey""",461
1125,"""Say""",589
1126,"""Apologize""",818
1127,"""Spice Up Your Life""",819
1128,"""I've Got to See You Again""",51
1129,"""I'm a Woman""",602
1130,"""Don't Cry For Me Argentina""",820
1131,"""Mambo Swing""",352
1132,"""Hold On, I'm Comin'""",554
1133,"""I Love to Boogie""",821
1134,"""Cool""",516
1135,"""My Way""",61
1136,"""Zorongo""",822
1137,"""Mickey""",823
1138,"""Sexy Silk""",107
1139,"""Love Lockdown""",824
1140,"""My Heart Will Go On""",3
1141,"""Give It to Me Baby""",825
1120,"""So This Is Love""",826
1142,"""Man! I Feel Like a Woman!""",827
1143,"""Can You Do This""",374
1144,"""Love Someone""",542
1145,"""How to Save a Life""",436
1146,"""Fight Song""",828
1147,"""Falling Slowly""",829
1148,"""I've Got No Strings""",830
1149,"""Unforgettable""",831
1150,"""For the First Time in Forever""",832
1151,"""When Can I See You Again?""",833
1152,"""I Just Want to Make Love to You""",242
1153,"""Say I Do""",834
1154,"""Celebration""",695
1155,"""Bla Bla Bla Cha Cha Cha""",835
1156,"""Need the Sun to Break""",747
1157,"""Echa pa'lante""",768
1158,"""Hands to Myself""",836
1159,"""Die Another Day""",157
1160,"""A Star Is Born""",837
1161,"""It Had to Be You""",838
1162,"""Hips""",839
1163,"""I Get to Love You""",840
1164,"""Under Control""",841
1165,"""Always Look on the Bright Side of Life""",842
415,"""We Go Together""",843
865,"""Luck Be a Lady""",844
784,"""The Phantom of the Opera""",845
1166,"""Livin' la Vida Loca""",114
1167,"""Hill Street Blues""",846
1168,"""(Theme From) The Monkees""",847
1169,"""Enjoy the Silence""",848
379,"""Endless Love""",849
1170,"""Hard to Handle""",850
525,"""Mas Que Nada""",851
1171,"""Did I Make the Most of Loving You?""",852
1172,"""Teenage Mutant Ninja Turtles Theme""",853
1173,"""Mama Said""",854
1174,"""Ready Teddy!""",177
1175,"""Feels Like Today""",349
1176,"""American Soldier""",855
1177,"""He's a Tramp""",602
1178,"""She Came to Give It to You""",856
1179,"""Rock This Town""",857
1180,"""Angelica""",858
1181,"""Breakin' Dishes""",165
1182,"""Cruella de Vil""",859
1183,"""Let It Go""",860
1184,"""I Wan'na Be Like You (The Monkey Song)""",311
1185,"""Under the Sea""",861
1186,"""Pon de Replay""",165
1187,"""You're All I Need to Get By""",117
1188,"""Mambo Baby""",862
1189,"""Modern Love""",863
1190,"""Magalenha""",851
1191,"""A Woman's Worth""",9
1192,"""Waiting for Tonight""",706
1193,"""Annie, I'm Not Your Daddy""",864
865,"""Luck Be a Lady""",61
1194,"""The Reflex""",140
112,"""Cuban Pete""",865
1195,"""Wanted""",866
1196,"""Good Girl""",97
1197,"""Why Ya Wanna""",867
1198,"""She Thinks My Tractor's Sexy""",868
1199,"""You Are the Reason""",869
1200,"""Ni Tú Ni Yo""",870
1201,"""Anchor""",871
1202,"""Move On Up""",872
1203,"""Take Me Home""",873
1204,"""Over My Head (Cable Car)""",874
1205,"""I'll Make a Man Out of You""",875
1206,"""Ride""",876
1207,"""That's How You Know""",877
1208,"""How Far I'll Go""",878
1209,"""Mas que Nada""",879
1210,"""Hotel California""",880
1211,"""Light It Up""",881
1212,"""One Fine Day""",882
1213,"""The Greatest Show""",883
1214,"""Remember Me""",884
1215,"""Wait for It""",885
1154,"""Celebration""",886
1216,"""Think""",38
1217,"""Stayin' Alive""",84
1218,"""My Girl""",35
1219,"""You Can't Stop the Beat""",431
1220,"""Seasons of Love""",887
499,"""Hot Honey Rag""",142
1221,"""Abracadabra""",888
1222,"""End of the Road""",206
1223,"""Gonna Make You Sweat (Everybody Dance Now)""",889
1224,"""Ghosts 'N Stuff""",890
1225,"""If I Had You""",8
1226,"""You Really Got Me""",891
1227,"""According to You""",892
1228,"""Spotlight""",278
1229,"""Why Can't We Be Friends?""",893
1230,"""LoveGame""",430
1231,"""Boot Scootin' Boogie""",894
1232,"""That'll Be the Day""",414
1233,"""King""",895
1234,"""Stitches""",182
1235,"""Wake Me Up""",426
1236,"""Granada""",896
1237,"""Ordinary Day""",897
1238,"""I Put a Spell on You""",898
1239,"""Step in Time""",899
1240,"""When You Wish upon a Star""",900
1241,"""Alice's Theme""",901
1242,"""Zero to Hero""",194
1243,"""Mamma Knows Best""",107
1244,"""Car Wash""",481
1245,"""Pass the Dutchie""",902
1246,"""Crazy Stupid Love""",903
1247,"""Upside Down""",591
1248,"""Funkytown""",904
1249,"""True Colors""",467
1250,"""Mi Tierra""",296
1251,"""Delilah""",215
1252,"""Erythrina Fusca""",905
1253,"""The Jean Genie""",863
1254,"""Brazil""",61
1255,"""Under Pressure""",906
1256,"""Steppin' Out with My Baby""",907
1257,"""Hushabye Mountain""",908
1258,"""Que Bueno Baila Usted""",909
160,"""Shake a Tail Feather""",910
1259,"""Kissing You""",911
1260,"""Roar""",126
1261,"""Skin (Sarabeth)""",349
1262,"""Islands in the Stream""",912
1263,"""Scream""",913
1264,"""Smile""",436
1265,"""A Million Dreams""",914
1266,"""2 On""",915
1267,"""Godspeed (Sweet Dreams)""",916
1268,"""Steamboat Willie Suite""",917
1269,"""Survivor""",266
1270,"""Never Tear Us Apart""",918
1271,"""Misery""",189
1272,"""Never Forget You""",919
1273,"""Finally Free""",920
1274,"""Dig a Little Deeper""",921
1275,"""Chim Chim Cher-ee""",922
1276,"""Save a Horse (Ride a Cowboy)""",923
1277,"""Jimmy Mack""",700
1278,"""Cruisin'""",924
1279,"""I Can't Get Next to You""",35
1280,"""The Way You Do the Things You Do""",35
1281,"""Bad""",32
968,"""Try""",174
1282,"""Ghostbusters""",925
1283,"""The Devil Went Down to Georgia""",926
1284,"""Sweet Dreams""",725
1285,"""Werewolves of London""",927
1286,"""Pencil Full Of Lead""",513
1287,"""Tango Misterioso""",928
1288,"""Holding Out for a Hero""",802
1289,"""Dancin' Fool""",85
1290,"""Charleston""",929
1291,"""Dr. Beat""",296
1292,"""Nothin' Better to Do""",930
1293,"""Everybody (Backstreet's Back)""",931
1294,"""Good to Be Alive (Hallelujah)""",932
1295,"""Habanera""",781
1296,"""Complainte de la Butte""",933
1297,"""Barracuda""",934
1298,"""A Whole New World""",935
1299,"""He's a Pirate""",630
1300,"""Poor Unfortunate Souls""",936
1301,"""Love Is an Open Door""",937
1302,"""Back in Time""",450
1303,"""Everything I Can't Have""",525
1304,"""Don't Be Cruel""",148
1305,"""Big Time Operator""",352
1306,"""I Love It""",938
1307,"""Feel So Close""",939
1308,"""Rip it Up""",177
1309,"""Let's Get it On""",75
1310,"""Champagne Tango""",940
1311,"""Candela""",941
1312,"""Venus""",942
1291,"""Dr. Beat""",397
1313,"""Gimme the Light""",244
1314,"""Play Me""",122
1315,"""Living in America""",144
1316,"""Mambo No. 5""",297
1100,"""The Addams Family Theme""",943
1317,"""Work Bitch""",446
1318,"""Try a Little Tenderness""",944
1319,"""Fine By Me""",932
1320,"""Don't Stop""",734
1321,"""Die Young""",58
1322,"""Lux Aeterna""",945
1323,"""Wavey""",946
1324,"""Un jour mon prince viendra""",947
1325,"""When You Wish Upon a Star""",436
957,"""The Bare Necessities""",948
1326,"""I Want It That Way""",931
1327,"""Fun, Fun, Fun""",73
1328,"""Wannabe""",819
1329,"""Go Get It""",949
1330,"""Love Letter""",950
1331,"""Discombobulate""",858
268,"""Cheek to Cheek""",951
1332,"""Get Down Tonight""",723
1333,"""In the Mood""",952
1334,"""Day-O (The Banana Boat Song)""",293
1335,"""Mr. Blue Sky""",953
1336,"""Il gatto e la volpe""",954
1337,"""Ooo Baby Baby""",955
1338,"""Being with You""",924
1339,"""Jai Ho""",956
1340,"""Bye Bye Bye""",736
1341,"""My Love""",831
1342,"""Sparks""",190
1343,"""At This Moment""",957
1344,"""You're the Top""",958
1345,"""Bust Your Windows""",959
1346,"""Cabaret""",960
1347,"""Dançando Lambada""",961
1348,"""Put a Lid on It""",962
1349,"""One Day I'll Fly Away""",963
921,"""Every Breath You Take""",964
1350,"""End of Time""",725
1351,"""Summer""",939
617,"""Tequila""",965
1352,"""Bailando""",966
1353,"""Diamonds""",165
698,"""Gravity""",589
1354,"""Super Freak""",825
1355,"""Quando, Quando, Quando""",763
1356,"""I'll Make Love to You""",206
1357,"""Sobe Son""",397
1358,"""I'm with You""",274
1359,"""I Walk the Line""",360
1360,"""The Shoop Shoop Song (It's in His Kiss)""",967
1361,"""Runaway""",968
876,"""The Way You Make Me Feel""",731
1362,"""Slippin' and Slidin'""",177
1363,"""Baby, It's Cold Outside""",215
1364,"""Sympathy for the Devil""",158
1365,"""Dark Waltz""",969
1366,"""Superstition""",96
1367,"""Somebody's Watching Me""",970
1368,"""Cheeseburger in Paradise""",971
1369,"""Livin' On A Prayer""",53
1370,"""Hit Me with Your Best Shot""",972
1371,"""Torn""",973
1372,"""Black Magic""",245
1373,"""Fire""",974
1374,"""Kiss the Girl""",861
1121,"""I Just Can't Wait to Be King""",975
1180,"""Angelica""",451
1375,"""You're Welcome""",976
122,"""I Want You Back""",736
1376,"""Reach Out I'll Be There""",737
1377,"""Waterfalls""",977
1378,"""Butter""",978
488,"""Hey Ya!""",979
1379,"""Juice""",980
1380,"""The Way I Are""",981
1381,"""Pure Imagination""",982
1,"""Sweet Dreams (Are Made of This)""",983
1382,"""Dr. Bones""",331
1383,"""Howlin' for You""",984
1384,"""One Way Or Another""",985
1385,"""The Simpsons Main Title Theme""",901
1386,"""Viva la Vida""",190
1387,"""Maneater""",986
587,"""Valerie""",987
1388,"""This Will Be""",154
464,"""Chantilly Lace""",416
1389,"""Hold It Against Me""",446
1390,"""Ain't It Funny""",706
1391,"""Like I'm Gonna Lose You""",988
1392,"""Shake""",214
1183,"""Let It Go""",747
1393,"""The Girl's Gone Wild""",95
1394,"""Waves""",989
1395,"""Hopelessly Devoted to You""",285
1396,"""Want to Want Me""",529
1397,"""Sexy People (The Fiat Song)""",990
1398,"""Give Me Everything""",436
1399,"""Jealous (I Ain't with It)""",991
680,"""Booty""",992
1400,"""Tutti Frutti""",177
1401,"""Si Señor!...""",296
1402,"""No Air""",993
1403,"""Come See About Me""",80
1404,"""Light My Fire""",994
1405,"""Don't Stop the Music""",165
1406,"""I'm Your Man""",786
1407,"""Mambo a la Sandoval""",995
1408,"""Fallen""",996
1409,"""Why Can't I Be You?""",229
1410,"""Boy from New York City""",434
1411,"""It Takes Two""",997
1412,"""Always""",61
383,"""Pump It""",163
1413,"""Stand by Your Man""",998
1414,"""Spooky""",87
459,"""Whatever Lola Wants""",999
1415,"""Put Your Hands on Me""",1000
1416,"""Man Wanted""",1001
1417,"""The Night Out""",1002
1418,"""Get It Right""",1003
1419,"""V.E.S.P.A.""",1004
1420,"""Adrenalina""",1005
1421,"""I'm Too Sexy""",1006
1422,"""Move Your Body""",831
1423,"""U Can't Touch This""",1007
1424,"""Dernière danse""",1008
1425,"""Hoedown""",1009
805,"""Stay""",1010
332,"""Physical""",1011
1426,"""Dance Again""",1012
1427,"""Isn't She Lovely""",96
1428,"""Uptight (Everything's Alright)""",96
1429,"""Little Shop of Horrors""",1013
1430,"""You Don't Own Me""",1014
1431,"""Roar (Acoustic)""",126
1432,"""Blue Jeans""",1015
1433,"""Beautiful Day""",1016
1434,"""Paint It Black""",158
1435,"""I Say a Little Prayer""",38
1436,"""The Naughty Lady of Shady Lane""",1017
1247,"""Upside Down""",1018
1437,"""What the World Needs Now""",1019
1438,"""Maybe I, Maybe You""",1020
1439,"""Stuck in the Middle With You""",1021
660,"""Cite Tango""",761
1440,"""Love Man""",214
1441,"""I Got You Babe""",512
1442,"""Rhythm is a Dancer""",1022
1443,"""Una Música Brutal""",477
1444,"""Epoca""",477
721,"""Les Toreadors""",1023
1445,"""They""",1024
1446,"""Hold My Hand""",121
1447,"""Pompeii""",1025
1448,"""Can't Feel My Face""",208
1449,"""Don't Look Down""",1026
1450,"""Ain't That Peculiar""",75
1451,"""If I Were a Boy""",725
1452,"""Fall for You""",1027
1453,"""Wiggle""",1028
988,"""That Old Black Magic""",1029
1454,"""Irreplaceable""",725
125,"""Is You Is or Is You Ain't My Baby""",1030
1455,"""Gasolina""",585
1456,"""Watch Out for This (Bumaye)""",1031
1457,"""Can't Remember to Forget You""",1032
1458,"""Sail""",1033
1459,"""1977""",1034
1008,"""Tanguedia II""",761
1460,"""Ain't Nothing Wrong with That""",333
1461,"""The Dirty Boogie""",334
1462,"""Heavy Action""",1035
320,"""I've Got You Under My Skin""",236
1463,"""Brown Sugar""",1036
1464,"""My Cherie Amour""",96
1465,"""Whose Bed Have Your Boots Been Under?""",827
1135,"""My Way""",1037
1466,"""May Each Day""",282
1467,"""Bad, Bad Leroy Brown""",1038
1468,"""Jessie's Girl""",1039
1343,"""At This Moment""",1040
1469,"""Dance to the Music""",1041
728,"""42nd Street""",1042
1470,"""Eternal Flame""",456
1471,"""Build Me Up Buttercup""",1043
1472,"""Angel""",1044
1473,"""Just Around the Riverbend""",1045
1474,"""Legend""",1046
1475,"""Wild Wild West""",1047
1476,"""Feel It Still""",1048
1290,"""Charleston""",1049
1477,"""O Fortuna""",1050
1478,"""Universal Mind Control""",1051
1479,"""You're the Best""",1052
1480,"""Kiss Me More""",1053
1481,"""Glamorous""",1054
1482,"""I Just Called to Say I Love You""",96
1483,"""If the World Should Ever Stop""",1055
1484,"""Both Sides, Now""",1056
1485,"""Let's Get Married (ReMarquable Remix)""",1057
308,"""Proud Mary""",28
1486,"""Victorious""",276
1487,"""Can't Be Tamed""",626
571,"""Cobrastyle""",1058
1488,"""Breathe (2 AM)""",1059
1489,"""Missing You""",1060
1490,"""Open Arms""",460
1491,"""Bulletproof""",1061
1492,"""Haven't Met You Yet""",236
1493,"""Tango a Pugliese""",1062
1494,"""She Will Be Loved""",189
1495,"""Mi Confesión""",477
1496,"""Five Minutes More""",61
1497,"""Dear Future Husband""",67
1498,"""Super Bad""",144
1499,"""Word Up!""",1063
1500,"""Necessary Evil""",947
1501,"""Run Boy Run""",1064
1238,"""I Put a Spell on You""",235
1502,"""The Ride""",252
1503,"""Cupid Shuffle""",1065
1504,"""Have You Ever Really Loved a Woman?""",588
1505,"""Your Body Is a Wonderland""",589
1506,"""My Heart Goes Boom""",1066
1507,"""Billy a Dick""",1067
1508,"""Amparito Roca""",905
788,"""Hey Pachuco""",1068
1509,"""Personal Jesus""",848
1510,"""Mambo Jambo""",357
1511,"""Carnival de Paris""",1069
1512,"""Jungle Jazz""",1070
1513,"""Greased Lightnin'""",1071
1514,"""Gaston""",1072
1160,"""A Star Is Born""",1073
1515,"""When Will My Life Begin?""",1074
1516,"""Zero""",315
1517,"""Holly Rock""",1075
1518,"""Let's Be Bad""",1076
1519,"""Supermarket Flowers""",335
775,"""Human""",1077
1520,"""Quizás, Quizás, Quizás""",1078
1521,"""Skate""",1079
1522,"""Levitating""",1011
1523,"""Maria Maria""",1080
1524,"""Cherry Pink (and Apple Blossom White)""",357
555,"""Echa Pa'lla (Manos Pa'rriba)""",1081
1525,"""December, 1963 (Oh, What a Night)""",797
1526,"""When the Party's Over""",1082
1527,"""Levels""",426
1528,"""Can't Take My Eyes Off of You (I Love You Baby)""",1083
1529,"""Beautiful""",1084
1530,"""Canon in D Major""",1085
1531,"""Something's Got a Hold on Me""",242
1532,"""Stone Cold""",123
1533,"""Telephone""",1086
1534,"""Spanish Paso""",252
1039,"""I Go to Rio""",1087
1535,"""I Know You Want Me (Calle Ocho)""",450
1536,"""One and Only""",248
1537,"""White Room""",1088
1538,"""Good Golly Miss Molly""",177
380,"""Let's Face the Music and Dance""",78
1539,"""Waiting for a Girl Like You""",1089
1540,"""Hella Good""",143
1541,"""Spanish Guitar""",1090
1542,"""February Song""",489
1543,"""Tango Barbaro""",1091
1544,"""Crazy Train""",1092
1545,"""Whatever Lola Wants (Gotan Project remix)""",377
1546,"""Good Morning""",1093
1547,"""I'm a Slave 4 U""",446
1548,"""(I've Had) The Time of My Life""",1094
1549,"""Vogue""",157
1550,"""Lost Without U""",525
1551,"""Baila, Baila""",1095
1552,"""Strawberry Wine""",1096
1553,"""Honey, I'm Good.""",932
1554,"""Electric Feel""",1097
1555,"""Secret""",1098
1556,"""Ghost""",1099
1557,"""Come with Me Now""",1100
1558,"""Lullaby of Birdland""",377
188,"""Call Me Irresponsible""",61
1559,"""Everybody Wants to Rule the World""",1101
1560,"""Read All About It (Pt. III)""",1102
1561,"""That's It, I Quit, I'm Movin' On""",138
1562,"""6'2""",1103
1563,"""Volare""",621
1564,"""Little Bitty Pretty One""",1104
1546,"""Good Morning""",1105
1565,"""Push It""",1106
1387,"""Maneater""",330
1566,"""Bring Me to Life""",1107
1567,"""Animal""",310
1568,"""Reflection""",1108
1569,"""I Wan'na Be like You (The Monkey Song)""",311
1570,"""Part of Your World (Reprise)""",668
1571,"""Incredits 2""",638
1572,"""The Night We Met""",1109
1573,"""Better Days""",1110
1574,"""Say You Won't Let Go""",1111
1575,"""Memory""",590
1576,"""A Brand New Day""",766
384,"""If My Friends Could See Me Now""",1112
65,"""What the World Needs Now Is Love""",94
1577,"""SexyBack""",1113
1578,"""Marriage of Figaro""",1114
1579,"""Ave Maria""",1115
1580,"""Bad Romance (Instrumental)""",430
1581,"""La Donna è Mobile""",1116
1582,"""Jump in the Line""",293
1583,"""Allerdings Otros Aires""",793
1584,"""Eyes on Fire""",1117
1012,"""Hello""",1118
1080,"""Buttons""",79
525,"""Mas Que Nada""",879
1585,"""U Got the Look""",1119
1586,"""El Capitalismo Foraneo""",477
1587,"""Kiss""",1119
1588,"""If You Don't Know Me by Now""",596
1589,"""Alejandro""",430
1590,"""C'mon Everybody""",1120
1591,"""Pony""",1121
1592,"""I Go to Sleep""",303
1593,"""Go Daddy-O""",352
1594,"""Somethin' Bad""",1122
1595,"""Tango Diabolo""",1123
1596,"""Cuban Mambo""",965
1597,"""Puttin' on the Ritz""",267
1598,"""Heart Upon My Sleeve""",426
1599,"""If I Knew""",33
1600,"""Ritmo de Chunga""",357
1543,"""Tango Barbaro""",595
1601,"""It Had Better Be Tonight""",236
1602,"""Guaglione""",357
1603,"""The Take Over, the Breaks Over""",368
734,"""She's a Lady""",215
1604,"""My Guy""",1124
1605,"""Jump, Jive, and Wail!""",334
1606,"""España Cani""",521
1411,"""It Takes Two""",1125
1607,"""Dance Apocalyptic""",1126
1608,"""Rebelión""",1127
1609,"""Love Letters""",1128
1610,"""Mr. Saxobeat""",1129
413,"""Boogie Woogie Bugle Boy""",1130
547,"""Toxic""",1131
1611,"""Animals""",1132
1238,"""I Put a Spell on You""",320
1612,"""Game of Survival""",840
674,"""Despacito""",1133
1613,"""Make Me Want To""",1134
1161,"""It Had to Be You""",436
1614,"""Rain on Me""",1135
1615,"""She Used to Be Mine""",22
620,"""Cell Block Tango""",142
1616,"""Santa María (del Buen Ayre)""",477
561,"""You and Me""",1136
1617,"""You Make My Dreams""",986
1618,"""Montagues and Capulets""",1137
1619,"""One Time""",1138
1620,"""Hall of Fame""",1139
1621,"""Explosive""",1140
1622,"""Teenage Dream""",126
1623,"""Firework""",126
1624,"""I've Got the World on a String""",61
1625,"""Mi Swing Es Tropical""",1141
1626,"""Only One Road""",3
1627,"""This Cat's On a Hot Tin Roof""",698
1628,"""Three Times a Lady""",1142
1629,"""Rhythm Nation""",26
1566,"""Bring Me to Life""",1143
1630,"""El Gato Montes""",1144
1631,"""I'm Outta Love""",1145
1632,"""Geronimo""",1146
1633,"""You'll Be in My Heart""",240
1634,"""Everybody's Free (To Feel Good)""",1147
1635,"""Uninvited""",1148
1636,"""Trust""",1119
1637,"""Let It Rock""",1149
1638,"""Sweet Pea""",1150
1639,"""1 Thing""",275
1640,"""Mo Money Mo Problems""",1151
1641,"""Beat It""",32
1642,"""Saca Tu Mujer""",1152
1643,"""Let's Call the Whole Thing Off""",1153
1644,"""Mustang Sally""",419
1645,"""Love Rollercoaster""",1154
1646,"""Shake Your Body (Down to the Ground)""",1155
1647,"""Going Up the Country""",1156
1648,"""Walk the Dinosaur""",1157
1649,"""Main Titles"" (from Beetlejuice)",901
1650,"""Under Your Spell""",251
1651,"""Roundtable Rival""",1158
921,"""Every Breath You Take""",1159
1652,"""Remains of the Day""",901
1653,"""Bad Boy Good Man""",1160
1654,"""Dreams""",1161
1655,"""Freedom""",1162
1656,"""Feeling Alive""",1163
1657,"""Believer""",315
1658,"""U Know What's Up""",1164
1659,"""Twist and Shout""",249
1660,"""All by Myself""",3
1661,"""Don't Go Yet""",1165
1662,"""Don't Worry, Be Happy""",1166
1663,"""Gimme Some Lovin'""",270
1664,"""Scars to Your Beautiful""",192
1665,"""Hideaway""",1167
1666,"""Good Girls Go Bad""",1168
1667,"""Basket Case""",1169
1668,"""Shame on Me""",1170
1669,"""Hit the Road Jack""",1171
1670,"""Unsteady""",1172
1671,"""It Is You (I Have Loved)""",221
1672,"""Minnie the Moocher""",1173
1026,"""Taquito Militar""",1174
1673,"""Mercy""",1175
1674,"""Way Over Yonder""",1176
1675,"""Alone""",934
1676,"""Bread and Butter""",1177
1677,"""Baby Likes to Rock It""",1178
1678,"""Be Here to Love Me""",51
1679,"""Choo Choo Ch'Boogie""",1179
1680,"""Once Upon a Dream""",1180
1681,"""Hora Zero""",451
1682,"""People Are Strange""",1181
1683,"""The Beautiful People""",1182
1684,"""Cry Little Sister""",1183
1086,"""Get Down on It""",1184
1685,"""We Got the Beat""",1185
1686,"""Vehicle""",1186
1687,"""Lay Me Down""",686
1688,"""Outside""",1187
1689,"""What Now""",165
1690,"""Babalu""",429
1691,"""The House is Rockin'""",1188
1692,"""Too Darn Hot (RAC Mix)""",82
1693,"""Love Never Felt So Good""",32
1262,"""Islands in the Stream""",1189
1630,"""El Gato Montes""",1190
1694,"""Around the World""",675
1695,"""Just the Two of Us""",534
1380,"""The Way I Are""",1191
1696,"""Chica Chica Boom Chic""",1192
1697,"""Start Me Up""",158
1698,"""Let's Twist Again""",1193
1699,"""Land of 1000 Dances""",419
1700,"""Groove Is in the Heart""",1194
1701,"""Last Dance""",39
245,"""Hey Mama""",328
1702,"""Pumpin Blood""",1195
1703,"""Welcome to Burlesque""",1196
1704,"""Dirty Diana""",32
1705,"""Mundian to Bach Ke""",1197
1706,"""What You Waiting For?""",516
1707,"""Mr. Sandman""",1198
1708,"""Shame""",678
1709,"""Candyman""",665
715,"""El Tango de Roxanne""",1199
1710,"""Slow Hands""",1200
1711,"""Both Sides Now (Torch Songs)""",1201
1712,"""Down""",1138
116,"""That's What I Like""",33
1713,"""Don't Let Me Down""",1202
1714,"""Humble and Kind""",543
223,"""I Like It""",1203
1060,"""Circus""",1204
1715,"""Dança Molengo""",1205
1716,"""Hot n Cold""",126
1717,"""Magic"" ",342
1718,"""Go Mama""",1206
1719,"""Kill of the Night""",734
1720,"""Hollow""",1207
1411,"""It Takes Two""",1208
1721,"""Rip It Up""",177
1722,"""Mama Do the Hump""",156
1723,"""Maggie May""",567
1724,"""Shot Me Down""",1209
1725,"""Fire Under My Feet""",590
1726,"""Latinos""",1210
1190,"""Magalenha""",1211
1085,"""Perfect""",174
1727,"""Puttin' On The Ritz""",327
1728,"""Gimme More""",446
1729,"""Mary Goes to Jesus""",1212
1730,"""She's Got Me Dancing""",1213
1731,"""Jai Ho! (You Are My Destiny)""",956
1732,"""The Lady in Red""",1214
1733,"""Haunted""",725
1734,"""Valió la Pena""",1215
1735,"""Gotta Get thru This""",817
1736,"""Amor Que Se Baila""",1216
1737,"""Free Fallin'""",1217
1738,"""When I Need You""",1218
1739,"""A Little Party Never Killed Nobody (All We Got)""",528
1740,"""Champagne Kisses""",690
1741,"""Cinema Italiano""",1219
1742,"""Centuries""",368
1743,"""Babarabatiri""",336
1744,"""Le Disko""",1220
1745,"""Juventud de Presente""",336
1746,"""Just a Fool""",1221
1747,"""Adore You (Cedric Gervais Remix)""",626
1748,"""Midnight Tango""",1222
1749,"""Nutbush City Limits""",28
1750,"""Dancing on the Ceiling""",195
1441,"""I Got You Babe""",1196
1360,"""The Shoop Shoop Song (It's in His Kiss)""",1196
1751,"""Bang Bang (My Baby Shot Me Down)""",1196
1752,"""Man in the Mirror""",32
1753,"""Leave Me Alone""",32
771,"""Malagueña""",760
1754,"""Dead Man's Party""",1223
1755,"""Thank God I'm a Country Boy""",1224
1756,"""Morning Drums""",1225
380,"""Let's Face the Music and Dance""",1226
1757,"""Gangsta's Paradise""",1131
1758,"""Desperado""",165
1759,"""Piece of Me""",1204
1760,"""Stronger""",1204
1761,"""...Baby One More Time""",1204
1762,"""Womanizer""",1204
511,"""You Make Me Feel So Young""",61
1763,"""Dance With Me Tonight""",228
1764,"""Fade Into You""",1227
1765,"""I Am Your Man""",291
1766,"""Kathleen""",211
1098,"""Turn Me On""",1228
1767,"""Orange Colored Sky""",78
1768,"""S.O.B.""",1229
1769,"""The Sound of Silence""",1230
1770,"""Fireball""",1231
1771,"""Dancing Machine"" / ""I Want You Back""",116
1772,"""I Want You to Want Me""",1232
1288,"""Holding Out for a Hero""",1233
619,"""Can't Help Falling in Love""",1234
1773,"""Por Arriba, Por Abajo""",114
1774,"""Sexual Healing""",75
1775,"""Diane Young""",1235
1776,"""Scott & Fran's Paso Doble""",1236
1777,"""Earned It""",208
1778,"""Straight To Number One""",718
1779,"""Jim Dandy""",1237
1780,"""Original Don""",1238
1781,"""Montserrat""",1239
1782,"""Latch (Acoustic)""",686
17,"""Umbrella""",1240
1783,"""Workin' Day and Night""",32
1784,"""Miami""",466
1785,"""Strong Enough""",1196
658,"""The Beat Goes On""",1196
1786,"""If I Could Turn Back Time""",1196
1787,"""I Just Can't Stop Loving You""",32
1788,"""Every Little Thing""",1241
1789,"""One Shot""",866
1790,"""Burning Man""",1242
1085,"""Perfect""",335
1791,"""Good Place""",251
1792,"""Chuck Berry""",183
1793,"""Que Viva la Vida""",1243
1794,"""I'm Gonna Be (500 Miles)""",1244
121,"""What a Wonderful World""",436
1795,"""Castle on the Hill""",335
1796,"""Faith""",1245
1797,"""Till the World Ends""",1204
1798,"""(You Drive Me) Crazy (The Stop! Remix)""",1204
547,"""Toxic""",1204
1799,"""Outrageous""",1204
1800,"""Unstoppable""",1246
1801,"""Reflejo de Luna""",1247
1669,"""Hit the Road Jack""",111
1802,"""Para Te""",1248
1803,"""I Want You Back""—The Jackson 5 / ""Please Mr. Postman""",1249
480,"""Stay the Night""",1250
1800,"""Unstoppable""",831
1804,"""Wicked Ones""",1251
699,"""Over the Rainbow""",1148
1805,"""Just Like Fire""",174
632,"""Fantasy""",1252
1806,"""Tootsee Roll""",1253
229,"""Move (You're Steppin' on My Heart)""",1254
147,"""Grace Kelly""",1255
1807,"""Born This Way""",430
1808,"""Jaleo""",114
1809,"""Work Song""",286
1810,"""Turn Down for What""",1256
1811,"""Talk Dirty""",1257
1611,"""Animals""",189
1812,"""Blame It On the Boogie""",1155
1813,"""Canned Heat""",777
1814,"""Dare You""",1258
1815,"""Suavemente""",1259
1816,"""I Was Here""",725
1817,"""Carnaval de Paris""",1069
1818,"""Born to Love You""",1260
1819,"""Tennessee Whiskey""",1261
1820,"""Ladies in the ’90s""",1262
619,"""Can't Help Falling in Love""",1263
1821,"""Yeah!""",1264
1822,"""To Build a Home""",1265
1823,"""Brother""",1266
1824,"""Skyscraper""",123
1825,"""Yes I Can""",361
1826,"""Let's Hurt Tonight""",170
1389,"""Hold It Against Me""",1204
1728,"""Gimme More""",1204
1547,"""I'm a Slave 4 U""",1204
1827,"""Scream & Shout"" (with will.i.am)",1204
1828,"""The Pirate That Should Not Be""",451
1829,"""One More Night""",189
1830,"""Fat Sam's Grand Slam""",1267
1831,"""When I Was Your Man""",33
1832,"""Azumba""",1225
971,"""Brand New""",186
1833,"""Beethoven's 5 Secrets""",1268
1834,"""Over and Over Again""",1269
1835,"""Hollywood""",1270
1190,"""Magalenha""",1271
1564,"""Little Bitty Pretty One""",1272
1836,"""Do You Love Me?""",392
1837,"""Sunny Afternoon""",891
1838,"""Save the Last Dance for Me""",1273
1839,"""Asi Se Baila El Tango""",1274
1840,"""Feelin' Good""",1275
1841,"""Say You Love Me""",690
1842,"""Jungle""",1276
1843,"""1, 2, 3 Turnaround""",1277
402,"""You're the One That I Want""",1278
1844,"""It's Tricky""",1279
1845,"""Glowing""",1280
1846,"""That's It!""",1281
1847,"""Cat and Mouse""",1282
64,"""G.D.F.R.""",272
1848,"""Head High""",1283
1392,"""Shake""",1284
1849,"""Check It Out""",1285
1850,"""Dark Times""",1286
1851,"""Oops!... I Did It Again""",1204
951,"""A Dream Is a Wish Your Heart Makes""",814
1852,"""Concierto Para Quinteto""",474
1853,"""Don't Give Up""",1287
1854,"""Fine China""",470
1855,"""We Are the Ones""",1288
787,"""Come Fly with Me""",1270
628,"""Home""",1270
1838,"""Save the Last Dance for Me""",1270
1856,"""Mr. Big Stuff""",1289
1857,"""La Yumba""",1290
1858,"""Tightrope""",1291
1859,"""Raise Your Glass""",174
534,"""Sing, Sing, Sing (With a Swing)""",1292
1860,"""Switch""",466
125,"""Is You Is or Is You Ain't My Baby""",1293
1861,"""Back It Up""",1294
1862,"""Tuesday's Gone""",200
1863,"""Concrete and Clay""",1295
1864,"""Titanium""—David Guetta feat. Sia / ""Fix You""",190
1865,"""I Won't Dance (Step Up 3D Remix)""",267
1866,"""Can't Take My Eyes Off You""",1296
1867,"""Hey Boy! Hey Girl!""",1029
1868,"""Problem""",1297
1248,"""Funkytown""",1298
1869,"""Love Me Again""",1299
1126,"""Apologize""",170
1870,"""Water""",1300
1871,"""Yes""",1301
832,"""Get Ready""",1302
1872,"""Living""",1303
1873,"""Blinding Lights""",208
1874,"""The Incredits""",638
1205,"""I'll Make a Man Out of You""",656
511,"""You Make Me Feel So Young""",1270
599,"""Fever""",1270
1875,"""It Had Better Be Tonight (Meglio stasera)""",1270
1876,"""I Get a Kick Out of You""",1270
1877,"""Good Lovin'""",1304
1878,"""Make It Rain""",335
1879,"""What Do You Mean?""",1305
1880,"""Roses and Violets""",1283
1881,"""Wicked Game""",1306
1882,"""Flashdance (What a Feeling)""",1307
547,"""Toxic""",1308
1883,"""Surrender""",1309
1821,"""Yeah!""",1310
1884,"""Let Me Go""",1311
889,"""I Wan'na Be Like You""",352
1885,"""Check it Out""",1285
590,"""Libertango""",1312
1886,"""Tu Sonrisa""",1259
1887,"""The Ding-Dong Daddy of the D-Car Line""",331
1888,"""I Won't Dance""",61
1859,"""Raise Your Glass""",1313
1889,"""Don't Start Now""",1011
1890,"""Tell It to My Heart""",1314
1121,"""I Just Can't Wait to Be King""",1315
821,"""Friend Like Me""",466
1208,"""How Far I'll Go""",1316
1891,"""Someday My Prince Will Come""",436
1892,"""Can't Hold Us""",1317
1893,"""Hips Don't Lie""",1318
1894,"""Icarus""",1319
1895,"""Peppy and George""",1320
902,"""Come Dance with Me""",1270
102,"""Feeling Good""",1270
1896,"""Objection (Tango)""",520
534,"""Sing, Sing, Sing (With a Swing)""",1321
1897,"""I Play Chicken with the Train""",1322
1003,"""The Look of Love""",1030
1898,"""A Cool Cat in Town""",367
1899,"""You're Never Fully Dressed Without a Smile""",831
1900,"""Classic""",1323
1901,"""Take You Higher""",1324
1902,"""Blame""",1325
1903,"""Love Runs Out""",170
1904,"""Yakety Yak""",1326
1905,"""Candy""",527
1906,"""Young and Beautiful""",1180
1907,"""Stand Up for Something""",1327
1908,"""Rewrite the Stars""",1328
1909,"""Pray for Me""",1329
372,"""Good Feeling""",1330
1910,"""Puttin' on the Ritz 2017 (Jazzy Radio Mix)""",1331
1911,"""Barflies at the Beach""",600
1912,"""Palladio""",1332
1913,"""Super Bass""",1333
1914,"""Stupid Love""",430
1915,"""Colombia, Mi Encanto""",1334
889,"""I Wan'na Be Like You""",1335
1916,"""Stand Out""",1336
1917,"""Beneath Your Beautiful""",1337
1918,"""Yerbatero""",1338
1919,"""Beauty and a Beat""",1339
1920,"""Baby Wants a Diamond Ring""",962
1921,"""Resolve""",973
955,"""America the Beautiful""",436
1922,"""Ex's & Oh's""",678
1923,"""Drag Me Down""",90
1924,"""Pucko""",1340
1925,"""Bad Romance""",430
1926,"""Hot2Touch""",1341
1927,"""Without You""",1342
431,"""Ride wit Me""",611
1928,"""Bad Guy""",622
1929,"""Aguanile""",1343
1930,"""Splish Splash""",164
1931,"""Bad Girls""",39
1932,"""Lucky""",1344
1933,"""Two Princes""",1345
1934,"""I Wanna Dance with Somebody""",113
1935,"""Booty Swing""",1346
1936,"""Scars""",1347
1937,"""No Doubt About It""",1348
1938,"""Revolution (District 78 Remix)""",1349
1939,"""Super Mario Bros. Theme""",1350
1940,"""My Songs Know What You Did in the Dark (Light Em Up)""",368
1941,"""Roxanne""",694
1942,"""Head Above Water""",274
1213,"""The Greatest Show""",276
1943,"""Kill the Lights""",1351
48,"""Dynamite""",978
1944,"""Ways to Be Wicked""",1352
1945,"""Keep A-Knockin'""",177
1946,"""Rockin' Robin""",32
1947,"""Mama Do (Uh Oh Uh Oh)""",133
1948,"""River Deep – Mountain High""",269
1949,"""Sucker""",1353
1950,"""She Works Hard for the Money""",39
1951,"""The Hills""",208
1794,"""I'm Gonna Be (500 Miles)""",1354
1952,"""Sing, Sing, Sing (With a Swing)""—Benny Goodman / ""Apache""",1355
1953,"""Nitty Gritty""",1356
1954,"""Sexy and I Know It""",1357
1955,"""Locked Out of Heaven""",33
1956,"""It's Oh So Quiet""",1358
1957,"""Ain't No Sunshine"" (Lido remix)",1359
1958,"""Miss Independent""",628
1959,"""Arabian Nights""",1360
1960,"""Mother Knows Best""",1361
1961,"""Be Prepared""",1362
1299,"""He's a Pirate""",1363
1962,"""You Don't Know Me""",111
1963,"""WTF (Where They From)""",1364
1964,"""The Pieces Don't Fit Anymore""",510
1965,"""Marchin On""",170
196,"""When You Believe""",1365
1842,"""Jungle""",1366
1238,"""I Put a Spell on You""",1367
1966,"""Call Me Cruella""",1368
1967,"""One Bad Apple""",1369
1968,"""Jump Shout Boogie""",85
1969,"""Work from Home""",375
1970,"""Larger Than Life""",931
1971,"""Footprints in the Sand""",590
1972,"""Smooth Criminal""",32
1973,"""Let's Groove""",196
1974,"""This Is Me""",1370
1975,"""Never Too Much""",766
1654,"""Dreams""",1371
1976,"""Summer Nights""",325
1977,"""Can't Get You Out of My Head""",1372
1978,"""La Luz Del Ritmo""",636
1979,"""Angels""",527
1980,"""Señorita""",1373
678,"""Iris""",1374
1981,"""Turn Up the Music""",470
1982,"""Roses""",1375
300,"""We Found Love""",1376
1983,"""I Hope You Dance""",1377
1984,"""Almost There""",1378
1985,"""Look at Me, I'm Sandra Dee""",1379
1513,"""Greased Lightnin'""",1380
1986,"""Amore e Musica""",1381
1987,"""La Isla Bonita""",157
1988,"""Fire Burning""",1382
1989,"""Los Vino""",793
1990,"""Let's Go Crazy""",1383
1991,"""A Sky Full of Stars""",190
1992,"""All the Way""",1384
886,"""Part of Your World""",436
1993,"""Prince Ali""",772
1994,"""Beauty School Dropout""",1385
1995,"""Born to Hand Jive""",1386
1996,"""Sandy""",1071
1997,"""There Are Worse Things I Could Do""",1387
1998,"""Look at Me, I'm Sandra Dee (Reprise)""",285
1999,"""I Will Survive""",790
2000,"""Every Little Step""",496
2001,"""Con Calma""",1388
2002,"""Lover""",288
2003,"""It's All Right""",1389
2004,"""Circle of Life""",1390
415,"""We Go Together""",325
2005,"""Wicked Games""",1391
218,"""September""",495
2006,"""Back in Business""",960
1568,"""Reflection""",665
2007,"""Take My Breath""",208
642,"""Anything Goes""",1392
2008,"""There Will Be Blood""",1393
519,"""Say Something""",1394
25,"""Beggin'""",1395
2009,"""Dreaming of You""",1396
2010,"""King of New York""",1397
951,"""A Dream Is a Wish Your Heart Makes""",690
2011,"""All I Do Is Win""",1398
2012,"""I Got 5 on It (Tethered Mix)""",1399
2013,"""Bad Habits""",335
1434,"""Paint It Black""",1400
2014,"""Shallow""",1401
2015,"""Mamma Mia""",1402
2016,"""Adore You""",185
2017,"""Because You Loved Me""",3
2018,"""Night Fever""",84
2019,"""Bamboléo""",621
2020,"""Que Viva La Vida""",1243
2021,"""Beautiful Crazy""",1403
2022,"""Fat Bottomed Girls""",56
2023,"""If I Can't Have You""",182
2024,"""Let's Stay Together""",1404
71,"""Smooth""",1405
2025,"""Ordinary People""",378
2026,"""Radio Ga Ga''",56
2027,"""Body Language""",56
2028,"""You're My Best Friend""",56
2029,"""Killer Queen""",56
2030,"""Jolene""",648
2031,"""Maniac""",1406
2032,"""Old Town Road""",1407
1559,"""Everybody Wants to Rule the World""",478
2033,"""You Got It (The Right Stuff)""",1408
2034,"""Like a Virgin""",157
1121,"""I Just Can't Wait to Be King""",1409
2035,"""I Think We're Alone Now""",1410
2036,"""Rhythm of the Night""",1411
2037,"""Escapade""",26
2038,"""Beauty and the Beast""",1412
2039,"""We're All in This Together""",1413
1298,"""A Whole New World""",1414
2040,"""On the Floor""",992
2041,"""All for You""",26
2042,"""If""",26
2043,"""Any Time, Any Place""",26
2044,"""Good Vibrations""",1415
2045,"""Have I Told You Lately""",567
2046,"""Say So""",1416
2047,"""Black Cat""",26
2048,"""Miss You Much""",26
2049,"""Feedback""",26
2050,"""Someone You Loved""",1082
2051,"""Southbound""",97
2052,"""You Gotta Be""",911
2053,"""Stars""",1417
2054,"""The Other Side""",1262
2055,"""Time Warp""",1418
2056,"""Sorry""",1305
2057,"""Sweet but Psycho""",1419
1269,"""Survivor""",1131
449,"""Creep""",1420
694,"""In the Air Tonight""",1421
599,"""Fever""",725
459,"""Whatever Lola Wants""",477
2058,"""Monster Mash""",1422
1881,"""Wicked Game""",1423
2059,"""Come Sail Away""",1424
2060,"""Psycho""",1425
333,"""Take Me to Church""",1426
394,"""Danza Kuduro""",1427
2061,"""This Is How We Do It""",1428
416,"""Higher""",1429
2062,"""Swan Lake Remix""",713
2063,"""Everything I Wanted""",622
2064,"""La cumparsita""",1430
2065,"""I Don't Want to Wait""",1431
2066,"""Thunder""",315
929,"""Heat Wave""",1432
569,"""Don't Stop Believin'""",436
2067,"""Santa Maria (Del Buen Ayre)""",477
2068,"""Before You Go (Piano version)""",1082
1533,"""Telephone""",1433
2069,"""Stuck with U""",1434
2070,"""Nobody Knows""",1435
2071,"""Work It""",1436
2072,"""Dark Fantasy""",824
998,"""Titanium""",1437
2073,"""Live Your Life - Nick Cordero""",1438
1270,"""Never Tear Us Apart""",1300
2074,"""Wonder""",182
2075,"""Way Down We Go""",1439
2076,"""Bills, Bills, Bills""",266
2077,"""No Scrubs""",977
2078,"""Boy with Luv""",978
2079,"""Lose Control""",1440
2080,"""Step by Step""",1408
2081,"""Crazy for You""",157
2082,"""California Love""",1441
587,"""Valerie""",1442
2083,"""Dancing with a Stranger""",1443
2084,"""Lose You to Love Me""",836
484,"""Conga""",1444
2085,"""Country Girl (Shake It for Me)""",104
2086,"""Move Your Feet""",1445
2087,"""Girl on Fire""—Alicia Keys / ""Hollaback Girl""",516
2088,"""Lonely""",1446
1288,"""Holding Out for a Hero""",1447
2089,"""X""",1448
2090,"""Jump, Jive an' Wail""",334
2091,"""If the World Was Ending""",1449
904,"""Hanuman""",451
2092,"""Cowboy Take Me Away""",1450
2093,"""Savage""—Megan Thee Stallion / ""Hypnotize""",1151
2094,"""Singin' In The Rain""",713
2095,"""Let's Get Loud""—Jennifer Lopez / ""Bamboleo""",621
