primary_song_artist_id,primary_song_artist
1,Eurythmics
2,The Pussycat Dolls feat. Timbaland
3,Celine Dion
4,Kris Allen
5,Roberta Flack
6,Train
7,Edwyn Collins
8,Adam Lambert
9,Alicia Keys
10,Kate Bush
11,Astor Piazzolla
12,B.o.B feat. Bruno Mars
13,Bonnie Raitt
14,Tanghetto
15,The Beatles
16,Gerardo Matos Rodríguez
17,Rihanna feat. Jay-Z
18,Jefferson Airplane
19,Santana
20,Kelly Clarkson
21,Pitbull feat. Lil Jon
22,Sara Bareilles
23,Katy Perry feat. Snoop Dogg
24,The Jimmy Castor Bunch
25,Madcon
26,Janet Jackson
27,Nelly & Christina Aguilera
28,Tina Turner
29,Billy Joel
30,Billy Idol
31,Body Rockers
32,Michael Jackson
33,Bruno Mars
34,Ricky Martin feat. Pitbull
35,The Temptations
36,Erin Bowman
37,Captain & Tennille[26]
38,Aretha Franklin
39,Donna Summer
40,Curtis Stigers
41,Nancy Sinatra
42,Lloyd feat. Lil Wayne
43,Lady Antebellum
44,The Wanted
45, Frankie Valli & The Four Seasons
46,Fleur East
47,Rogue Wave
48,Taio Cruz
49,Chaka Khan
50,Flo Rida feat. David Guetta
51,Norah Jones
52,Basement Jaxx
53,Bon Jovi
54,3OH!3 feat. Ke$ha
55,Aerosmith
56,Queen
57,Nouvelle Vague
58,Ke$ha
59,Seal
60,Fontella Bass
61,Frank Sinatra
62,Carl Douglas
63,Flo Rida feat. Sage the Gemini & Lookas
64,Jackie DeShannon
65,Edwin Starr
66,101 Strings Orchestra
67,Meghan Trainor
68,Enrique Iglesias feat. Ludacris & DJ Frank E
69,Stray Cats
70,Carlos Santana feat. Rob Thomas
71,Fred Wesley & The J.B.'s
72,The Chi-Lites
73,The Beach Boys
74,Robin Thicke feat. Kendrick Lamar
75,Marvin Gaye
76,David Sanborn
77,Donovan
78,Nat King Cole
79,Pussycat Dolls
80,The Supremes
81,Eartha Kitt
82,Ella Fitzgerald
83,Billy Ray Cyrus
84,Bee Gees
85,Barry Manilow
86,David Bowie & Mick Jagger
87,Dusty Springfield
88,Robin Thicke feat. T.I. & Pharrell Williams
89,Owl City & Carly Rae Jepsen
90,One Direction
91,Amy Winehouse
92,Pitbull feat. Theron Theron
93,Aly & AJ
94,Andra Day
95,Travis Tritt
96,Stevie Wonder
97,Carrie Underwood
98,Avicii feat. Audra Mae
99,Whitney Myer
100,Debbie Gibson
101,Madness
102,Ludacris feat. Pharrell Williams
103,Haddaway
104,Luke Bryan
105,Mambo Compañeros
106,DJ Snake feat. Justin Bieber
107,Jessie J
108,Zayde Wølf
109,Flo Rida feat. Fitz
110,Mary J. Blige
111,Ray Charles
112,Beyoncé feat. Jay-Z
113,Whitney Houston
114,Ricky Martin
115,Louis Armstrong
116,The Jackson 5
117,Marvin Gaye & Tammi Terrell
118,Pitbull feat. Chris Brown
119,Louis Jordan
120,Lenka
121,Jess Glynne
122,Neil Diamond
123,Demi Lovato
124,Nicole Kidman
125,Cee Lo Green
126,Katy Perry
127,Dave Matthews Band
128,Huey Lewis & the News
129,David Guetta feat. Kelly Rowland
130,Dean Martin
131,The Clash
132,Mike Posner
133,Pixie Lott
134,Tom Jones feat. Stereophonics
135,Shirley Bassey
136,Daughtry
137,Edwin McCain
138,Sam Cooke
139,Ray LaMontagne
140,Duran Duran
141,Mika
142,Kander and Ebb
143,No Doubt
144,James Brown
145,OMI
146,Charlie Puth feat. Meghan Trainor
147,Robert Palmer
148,Elvis Presley
149,Lady Gaga featuring Colby O'Donis
150,LunchMoney Lewis
151,The Romantics
152,The Blues Brothers
153,Labelle
154,Natalie Cole
155,"Jessie J, Ariana Grande & Nicki Minaj"
156,Rizzle Kicks
157,Madonna
158,The Rolling Stones
159,Wild Cherry
160,Henry Mancini
161,Keane
162,Meco
163,The Black Eyed Peas
164,Bobby Darin
165,Rihanna
166,Van Morrison
167,Huey Lewis and the News
168,Spandau Ballet
169,Smash Mouth
170,OneRepublic
171,Eliza Doolittle
172,from Sweet Charity
173,LMFAO feat. Lauren Bennett & GoonRock
174,Pink
175,Jennifer Lopez feat. DJ Khaled & Cardi B
176,Louisa feat. 2 Chainz
177,Little Richard
178,Waylon Jennings
179,RuPaul
180,John Fogerty
181,Whitney Houston & Mariah Carey
182,Shawn Mendes
183,Pharrell Williams
184,Kesha feat. The Dap-Kings Horns
185,Harry Styles
186,Ben Rector
187,Steve Goodman
188,Erika Jayne
189,Maroon 5
190,Coldplay
191,Flo Rida feat. T-Pain
192,Alessia Cara
193,Vanilla Ice
194,Ariana Grande
195,Lionel Richie
196,"Earth, Wind & Fire"
197,Elton John & Britney Spears
198,"Christina Aguilera, Lil' Kim, Mýa & Pink"
199,Duck Sauce
200,Lynyrd Skynyrd
201,Roxette
202,The Blackout All-Stars
203,Elton John
204,The Emotions
205,Good Charlotte
206,Boyz II Men
207,Henry Krieger
208,The Weeknd
209,DNCE
210,Maroon 5 feat. Christina Aguilera
211,David Gray
212,Martha & the Vandellas
213,Arthur Conley
214,Otis Redding
215,Tom Jones
216,ZZ Top
217,The Troggs
218,Carol Welsman
219,Katy Tiz
220,"David Guetta feat. Nicki Minaj, Bebe Rexha & Afrojack"
221,Dana Glover
222,Bachman-Turner Overdrive
223,Debby Boone
224,Kenny Loggins
225,Mark Ronson feat. Bruno Mars
226,Ray Quinn feat. Ultra Love
227,Steppenwolf
228,Olly Murs
229,The Cure
230,Icona Pop
231,Ellie Goulding
232,Pitbull feat. Kesha
233,Barrett Strong
234,Colbie Caillat
235,Nina Simone
236,Michael Bublé
237,OutKast
238,Steve Lawrence
239,Deniece Williams
240,Phil Collins
241,The Trammps
242,Etta James
243,Della Reese
244,Sean Paul
245,Little Mix
246,John Lennon
247,Oingo Boingo
248,Adele
249,The Isley Brothers
250,Club des Belugas
251,Leo Soul
252,James Horner
253,Kurtis Blow
254,The Disco Fries feat. Hope Murphy
255,Madcon feat. Ray Dalton
256,"Mike Post, Pete Carpenter"
257,Tritonal & Cash Cash feat. JHart
258,Little Texas
259,Betty Hutton
260,Bonnie McKee
261,Peppermint Trolley Company
262,Rihanna & Calvin Harris
263,Carl Carlton
264,Bad Bunny
265,The Pointer Sisters
266,Destiny's Child
267,Fred Astaire
268,Wham!
269,Ike & Tina Turner
270,The Spencer Davis Group
271,"Pitbull feat. Robin Thicke, Joe Perry & Travis Barker"
272,Flo Rida
273,Dillon Francis & Skrillex
274,Avril Lavigne
275,Amerie
276,Panic! at the Disco
277,Judy Garland
278,Jennifer Hudson
279,Afrojack feat. Wrabel
280,Flo Rida feat. Robin Thicke & Verdine White
281,Poison
282,Andy Williams
283,"Harry Connick, Jr."
284,Redfoo
285,Olivia Newton-John
286,Hozier
287,Snoop Dogg feat. Pharrell
288,Taylor Swift
289,Cupid feat. B.o.B
290,Angel & the Mambokats
291,Ryan Shaw
292,Barbra Streisand
293,Harry Belafonte
294,Passenger
295,The Dovells
296,Gloria Estefan
297,Lou Bega
298,Roger Miller
299,Barry White
300,A-ha
301,The Pussycat Dolls
302,Jackie Wilson
303,The Pretenders
304,Iggy Pop
305,Ashley Tisdale and Lucas Grabeel
306,Kris Kross
307,Zedd feat. Foxes
308,The Drifters
309,Gretchen Wilson
310,Neon Trees
311,Louis Prima
312,Ram Jam
313,Daphne Willis
314,Eddie Palmieri
315,Imagine Dragons
316,Amy Stroup
317,Niykee Heaton
318,Charo
319,Kiki Dee
320,Bette Midler
321,Gavin DeGraw
322,Vic Mizzy
323,Jesse Frederick
324,Ramin Djawadi
325,John Travolta & Olivia Newton-John
326,Diana Ross & Lionel Richie
327,Irving Berlin
328,Black Eyed Peas
329,Sweet Charity
330,Nelly Furtado
331,Cherry Poppin' Daddies
332,Berlin
333,Robert Randolph and the Family Band
334,The Brian Setzer Orchestra
335,Ed Sheeran
336,Tito Puente
337,Don Omar feat. Lucenzo
338,Miguel
339,from Gentlemen Prefer Blondes
340,KT Tunstall
341,Thin Lizzy
342,B.o.B feat. Rivers Cuomo
343,Girls Aloud
344,Metro Station
345,Marilyn Monroe
346,The Andrews Sisters
347,Angel Melendez and the 911 Orchestra
348,from Grease
349,Rascal Flatts
350,Pitbull & Ne-Yo
351,Letters to Cleo
352,Big Bad Voodoo Daddy
353,En Vogue
354,Atomic Fireballs
355,Connie Francis
356,Nelly feat. City Spud
357,Perez Prado
358,Nena
359,Ritchie Valens
360,Johnny Cash
361,Sammy Davis Jr.
362,Benny Moré
363,Africando All Stars
364,Perry Como
365,Flo Rida feat. Sia
366,Les Poppys
367,Tape Five
368,Fall Out Boy
369,Richard Cheese
370,Armin van Buuren feat. Cimo Fränkel
371,Gamu
372,Katrina and the Waves
373,The O'Neill Brothers
374,Aloe Blacc
375,Fifth Harmony
376,Jurassic 5
377,Sarah Vaughan
378,John Legend
379,Jennifer Nettles
380,Jessie J feat. 2 Chainz
381,The Big Bopper
382,Electric Guest
383,George Noriega & Joel Someillan
384,Howard Greenfield & Jack Keller
385,Mark Snow
386,Mark Mueller
387,Enrique Iglesias
388,Duke Ellington
389,"Daft Punk, Pharrell Williams & Nile Rodgers"
390,David Cook
391,Megan Thee Stallion
392,The Contours
393, James Blunt
394,Johnny O'Keefe
395,George Gershwin
396,Jack Wagner
397,Miami Sound Machine
398,Kygo feat. Parson James
399,Miriam Makeba
400,Helen Shapiro
401,Joan Jett & the Blackhearts
402,Alesha Dixon
403,The Human Beinz
404,Indeep
405,Blondie
406,Weezer
407,Five for Fighting
408,from Chicago
409,Mariah Carey
410,Gladys Knight & the Pips
411,Florida Georgia Line feat. Luke Bryan
412,Rochelle Diamante
413,Johnny Pacheco
414,Buddy Holly
415,Michael Franti & Spearhead
416,Jerry Lee Lewis
417,The Spinners
418,Carly Rae Jepsen
419,Wilson Pickett
420,Lee Brice
421,Sonora Carrulseles
422,The Arthur Murray Orchestra
423,Sir Mix-a-Lot
424,A Great Big World & Christina Aguilera
425,Wisin & Yandel feat. Jennifer Lopez
426,Avicii
427,Jessica Simpson
428,Sérgio Mendes & The Black Eyed Peas
429,Desi Arnaz
430,Lady Gaga
431,from Hairspray
432,Selena Gomez & The Scene
433,Beyoncé featuring Jay-Z
434,The Manhattan Transfer
435,Tim McGraw & Faith Hill
436,Ray Chew
437,Tyler Ward
438,Tami Tappan Damiano
439,ZAYN
440,Sigala feat. John Newman & Nile Rodgers
441,Charlie Puth
442,Tim Armstrong featuring Skye Sweetnam
443,Bear McCreary
444,Bob James
445,Jim Henson & Sam Pottle
446,Britney Spears
447,Debelah Morgan
448,Victor Silvester
449,Danny Malando
450,Pitbull
451,Rodrigo y Gabriela
452,Justin Bieber feat. J. Balvin
453,The Summer Set
454,Musiq Soulchild
455,Erasure
456,The Bangles
457,Billy Preston feat. Syreeta Wright
458,Los Lobos feat. Antonio Banderas
459,Little Boots
460,Journey
461,El General
462,Teddybears
463,3 Doors Down
464,The Knack
465,Gotye feat. Kimbra
466,Will Smith
467,Cyndi Lauper
468,Estelle feat. Janelle Monáe
469,Kat DeLuna
470,Chris Brown
471,Rosemary Clooney
472,No Doubt feat. Bounty Killer
473,Robert Johnson
474,Astor Piazolla
475,Creedence Clearwater Revival
476,Glenn Frey
477,Gotan Project
478,Tears for Fears
479,P!nk feat. Nate Ruess
480,Bootstraps
481,Rose Royce
482,Judah Kelly
483,Survivor
484,Young MC
485,Outasight
486,The Champs
487,The Tango Project
488,Andy Fortuna
489,Josh Groban
490,Regina Belle
491,Florence + the Machine
492,Phillip Phillips
493,Wilson Phillips
494,Sonny Bono
495,"Earth, Wind and Fire"
496,Bobby Brown
497,Vince Hill
498,Daniel Powter
499,The Animals
500,Dee C. Lee
501,Cole Porter feat.Stacey Kent
502,Sister Sledge
503,Blake Shelton
504,AC/DC
505,Darius Rucker
506,50 Cent
507,Jason Aldean
508,Karl Jenkins
509,Lou Rawls
510,James Morrison
511,Jimmy Eat World
512,Sonny & Cher
513,Paolo Nutini
514,Chuck Berry
515,Billy Fury
516,Gwen Stefani
517,Shaggy
518,Ludwig van Beethoven
519,Santa Esmeralda
520,Shakira
521,Erich Kunzel
522,Maroon 5 featuring Christina Aguilera
523,Matt Beilis
524,SBTRKT feat. Ezra Koenig
525,Robin Thicke
526,Luis Fonsi feat. Daddy Yankee
527,Robbie Williams
528,"Fergie, Q-Tip & GoonRock"
529,Jason Derulo
530,Goo Goo Dolls
531,BJ the Chicago Kid
532,Jennifer Lopez feat. Iggy Azalea
533,Quincy Jones
534,"Grover Washington, Jr. & Bill Withers"
535,Mama Cass
536,Julie London
537,Babyface
538,Celia Cruz
539,Mariah Carey & Boyz II Men
540,Kermit the Frog
541,"Al Burton, Gloria Loring & Alan Thicke"
542,Lukas Graham
543,Tim McGraw
544,Israel Kamakawiwo'ole
545,Alicia Keys feat. Beyoncé
546,Jet
547,Filter
548,Franz Ferdinand
549,Maurice Ravel
550,Cody Simpson
551,Sam Palladio & Clare Bowen
552,Alfred Hause's Tango Orchestra
553,"José Feliciano, Ewan McGregor & Jacek Koman"
554,Sam & Dave
555,John Altman
556,Kim Wilde
557,Georges Bizet
558,Kenny Rogers
559,Los Lobos featuring Antonio Banderas
560,Trans-X
561,Sarah Bockel
562,Ricki-Lee Coulter
563,Sky Ferreira
564,Hailee Steinfeld
565,Lion Babe
566,The Dixie Cups
567,Rod Stewart
568,Crystal Lake feat. Kifi
569,Raphaël Beau
570,Europe
571,Quiet Riot
572,Jorge Quintero
573,Enrique Iglesias feat. Ludacris
574,Five Stairsteps
575,"Adam Clayton & Larry Mullen, Jr."
576,Katherine Jenkins
577,Pyotr Ilyich Tchaikovsky
578,Landon Pigg
579,Kat DeLuna feat. Elephant Man
580,Lillix
581,Big Mama Thornton
582,Sugarland
583,Akon
584,Jason Mraz
585,Daddy Yankee
586,Beyoncé feat. Devin & Solange
587,The Righteous Brothers
588,Bryan Adams
589,John Mayer
590,Leona Lewis
591,Diana Ross
592,Christina Perri
593,Adam Ant
594,Alma Cogan
595,Lalo Schifrin
596,Simply Red
597,from The Phantom of the Opera
598,Patti Page
599,Emeli Sandé & The Bryan Ferry Orchestra
600,Royal Crown Revue
601,from 42nd Street
602,Peggy Lee
603, The Pussycat Dolls
604,Empire cast feat. Estelle & Jussie Smollett
605,Thirty Seconds to Mars
606,Bernadette Peters & Tom Wopat
607,J Balvin & Willy William
608,MAX feat. gnash
609,Camila Cabello feat. Young Thug
610,Jax Jones feat. Demi Lovato & Stefflon Don
611,Nelly
612,50 Cent feat. Olivia
613,Alan Menken & Glenn Slater
614,Jason Derulo feat. Nicki Minaj & Ty Dolla Sign
615,Rihanna featuring Mikky Ekko
616,Def Leppard
617,Benoît Jutras
618,René Dupéré
619,Simon Carpentier
620,Mexicana Aleque la-Band
621,Gipsy Kings
622,Billie Eilish
623,Chic
624,Muse
625,The White Stripes
626,Miley Cyrus
627,Owl City feat. Aloe Blacc
628,Ne-Yo
629,John Williams
630,Klaus Badelt
631,Nino Rota
632,Bond
633,Belinda Carlisle
634,John Barry
635,Jonny Lang
636,Los Fabulosos Cadillacs
637,David Guetta feat. Sam Martin
638,Michael Giacchino
639,Beyoncé & André 3000
640,Leonard Bernstein
641,Marc Broussard
642,Bill Haley & His Comets
643,Sweet
644,New Order
645,Dead or Alive
646,The United States Air Force Band and the Rockies
647,Johnny Mathis
648,Dolly Parton
649,The Eagles
650,Desperado Los Lobos & A Banderas
651,George Michael
652,Gioachino Rossini
653,will.i.am
654,Danny and the Juniors
655,The Pussycat Dolls feat. A. R. Rahman
656,Donny Osmond
657,DJ Kass
658,Ricky Campanelli
659,Nick Cave and the Bad Seeds
660,Village People
661,Doris Day
662,Chris Cornell
663,Garbage
664,Gladys Knight
665,Christina Aguilera
666, Jimi Hendrix
667,Twisted Sister
668,Jodi Benson
669,Julie Andrews
670,Randy Newman
671,Bernard Herrmann
672,Bill Conti
673,Edvard Grieg
674,Katherine Jenkins & Beverley Staunton
675,Buddy Greco
676,The Primitives
677,OneRepublic feat. Sara Bareilles
678,Elle King
679,Skylar Grey
680,Alberto Plaza
681,Santana feat. Pitbull
682,Rodrigo y Gabriela with John Tempesta
683,Clean Bandit feat. Jess Glynne
684,Fulanito
685,Gene Kelly
686,Sam Smith
687,Katy Perry feat. Juicy J
688,Black Joe Lewis & the Honeybears
689,The Swag Geeks feat. Brook Penning
690,Jessie Ware
691,Fatboy Slim
692,James Horner & Simon Rhodes
693,Wyclef Jean feat. Claudette Ortiz
694,The Police
695,Kool & the Gang
696,The Wild Party
697,Daft Punk feat. Pharrell Williams
698,Brian Setzer Orchestra
699,Bell Biv DeVoe
700,Martha and the Vandellas
701,DJ Jazzy Jeff & The Fresh Prince
702,Chumbawamba
703,Walk the Moon
704,Guy Dubuc & Marc Lessard
705,Dan + Shay
706,Jennifer Lopez
707,All Saints
708,"Thomas Newman, featuring Tambuco"
709,Sheena Easton
710,Alice Cooper
711,Lily James
712,Paige O'Hara
713,District 78
714,Phil Harris
715,Bob Seger
716,The Veronicas
717,from The King and I
718,Touch and Go
719,Cynthia Fee
720,Lara St. John
721,Kelis
722,Captain & Tennille
723,KC and the Sunshine Band
724,Pharrell feat. Justin Timberlake
725,Beyoncé
726,Canadian Brass
727,Astrud Gilberto
728,Tavares
729,Consuelo Velázquez
730,John Paul Young
731,Paul Anka
732,Bebel Gilberto
733,Chelo
734,Gin Wigmore
735,Cher Lloyd
736,NSYNC
737,The Four Tops
738,Youth Group
739,Rodney Atkins
740,David Guetta featuring Sia
741,Martina McBride
742,Leon Russell
743,Anita Baker
744,David Arnold & Nicholas Dodd
745,Jack White & Alicia Keys
746,Hector Lavoe
747,James Bay
748,Lee Greenwood
749,The Guess Who
750,James Cagney
751,The Rembrandts
752,Simple Minds
753,Roy Orbison
754,The Revels
755,Johnny Rivers
756,The Eligibles
757,RJD2
758,Dave Porter
759,Conjunto Tipico Del Tango
760,Brian Setzer
761,Ástor Piazzolla
762,from Kinky Boots
763,Engelbert Humperdinck
764,Gavin James
765,Delbert McClinton
766,Luther Vandross
767,The Dandy Warhols
768,Thalía
769,Marc Shaiman
770,Peter Allen
771,Alex Clare
772,Robin Williams
773,Ella Fitzgerald and Chick Webb
774,Toni Braxton
775,The Hit Crew
776,Billy Paul
777,Jamiroquai
778,Corrine Bailey Rae
779,Reel 2 Real
780,T-Bone Burnett
781,Charlotte Church
782,Emily Wells
783,Fun.
784,Simon and Garfunkel
785,Chris Tomlin
786,Leonard Cohen
787,Jack Garratt
788,Yves V feat. Mike James
789,Florence + The Machine
790,Gloria Gaynor
791,La Lupe
792,Mohombi
793,Otros Aires
794,Sam Sparro
795,Soft Cell
796,Phillip Bailey & Phil Collins
797,The Four Seasons
798,Natasha Bedingfield
799,Campo
800,King Africa
801,Kevin Lyttle
802,Bonnie Tyler
803,Larry Elgart
804,Jace Everett
805,Ja'net Dubois
806,John Powell
807,Patti LaBelle
808,Ray Charles & Julia Rinker
809,"Vishal Dadlani, Hamsika Iyer & Sricharan"
810,Electric Club Tango
811,Kreesha Turner
812,Julie Andrews & Dick Van Dyke
813,Jerry Orbach & Angela Lansbury
814,Ilene Woods
815,"Jason Weaver, Laura Williams & Rowan Atkinson"
816,Eve
817,Daniel Bedingfield
818,Timbaland feat. OneRepublic
819,Spice Girls
820,Julie Covington
821,T. Rex
822,Paco Peña
823,Toni Basil
824,Kanye West
825,Rick James
826,from Cinderella
827,Shania Twain
828,Rachel Platten
829,Glen Hansard & Markéta Irglová
830,Dickie Jones
831,Sia
832,Kristen Bell & Idina Menzel
833,Owl City
834,Kyle Jacobs
835,Petty Booka
836,Selena Gomez
837,"Lillias White, LaChanze, Roz Ryan, Cheryl Freeman & Vanéese Y. Thomas"
838,Harry Connick Jr.
839,Beans & Fatback
840,Ruelle
841,Calvin Harris & Alesso feat. Hurts
842,Monty Python
843,Jim Jacobs & Warren Casey
844,Frank Loesser
845,Andrew Lloyd Webber
846,Larry Carlton
847,The Monkees
848,Depeche Mode
849,Lionel Richie & Diana Ross
850,The Black Crowes
851,Sérgio Mendes
852,Mary-Jess Leaverland
853,Chuck Lorre & Dennis C. Brown
854,The Shirelles
855,Toby Keith
856,Usher feat. Nicki Minaj
857,Joey Fatone
858,Hans Zimmer
859,Rod Taylor
860,Idina Menzel
861,Samuel E. Wright
862,Ruth Brown
863,David Bowie
864,Kid Creole and the Coconuts
865,José Norman
866,Hunter Hayes
867,Jana Kramer
868,Kenny Chesney
869,Calum Scott & Leona Lewis
870,Jennifer Lopez feat. Gente de Zona
871,Mindy Gledhill
872,Curtis Mayfield
873,Us the Duo
874,The Fray
875,Donny Osmond (performed live)
876,ZZ Ward
877,Amy Adams
878,Auliʻi Cravalho (performed live)
879,Sérgio Mendes feat. The Black Eyed Peas
880,Eagles
881,Major Lazer feat. Nyla & Fuse ODG
882,The Chiffons
883,"Hugh Jackman, BriaAndChrissy, Keala Settle, Zac Efron & Zendaya"
884,Benjamin Bratt
885,Leslie Odom Jr.
886,Kool & The Gang
887,Jonathan Larson
888,Steve Miller Band
889,C+C Music Factory
890,Deadmau5 feat. Rob Swire
891,The Kinks
892,Orianthi
893,War
894,Brooks and Dunn
895,Tamar Braxton
896,Agustín Lara
897,Vanessa Carlton
898,Screamin' Jay Hawkins
899,Dick Van Dyke
900,Cliff Edwards
901,Danny Elfman
902,Musical Youth
903,Cheryl feat. Tinie Tempah
904, Lipps Inc.
905,Unidad de Musica de la Guardia Real
906,Queen and David Bowie
907,Dinah Shore
908,from Chitty Chitty Bang Bang
909,Oscar d'Leon
910,Ray Charles & The Blues Brothers
911,Des'ree
912,Dolly Parton & Kenny Rogers
913,Usher
914,Malachi Barton
915,Tinashe feat. Schoolboy Q
916,Nick Lachey
917,Wilfred Jackson & Bert Lewis
918,INXS
919,Postmodern Jukebox feat. Addie Hamilton
920,Joshua Bassett
921,Jenifer Lewis
922,Dick Van Dyke & Julie Andrews
923,Big & Rich
924,Smokey Robinson
925,Ray Parker Jr.
926,Charlie Daniels Band
927,Warren Zevon
928,Pedro Gomez
929,Bob Wilson & his Varsity Rhythm Boys
930,LeAnn Rimes
931,Backstreet Boys
932,Andy Grammer
933,Rufus Wainwright
934,Heart
935,Brad Kane & Lea Salonga
936,Pat Carroll
937,Kristen Bell & Santino Fontana
938,Icona Pop feat. Charli XCX
939,Calvin Harris
940,Carlos Di Sarli
941,Buena Vista Social Club
942,Bananarama
943,from The Addams Family
944,Glee cast
945,Clint Mansell & Kronos Quartet
946,CLiQ feat. Alika
947,Nikki Yanofsky
948,Phil Harris & Bruce Reitherman
949,Sepalot feat. Ladi6
950,Clairy Browne & the Bangin' Rackettes
951,Ella Fitzgerald & Louis Armstrong
952,Glenn Miller
953,Electric Light Orchestra
954,Edoardo Bennato
955,Smokey Robinson & the Miracles
956,A. R. Rahman
957,Billy & the Beaters
958,Cole Porter
959,Jazmine Sullivan
960,Liza Minnelli
961,Kaoma
962,Squirrel Nut Zippers
963,Randy Crawford
964,Aaron Krause feat. Liza Anne
965,Xavier Cugat
966,"Enrique Iglesias feat. Gente de Zona, Descemer Bueno & Sean Paul"
967,Betty Everett
968,The Corrs
969,Hayley Westenra
970,Rockwell
971,Jimmy Buffett
972,Pat Benatar
973,Nathan Lanier
974,Barns Courtney
975,"Jason Weaver,"
976,Jordan Fisher feat. Lin-Manuel Miranda
977,TLC
978,BTS
979,Outkast
980,Lizzo
981,Timbaland feat. Keri Hilson
982,Jane Monheit
983,Emily Browning
984,The Black Keys
985,"Bette Midler, Sarah Jessica Parker & Kathy Najimy"
986,Hall & Oates
987,Mark Ronson feat. Amy Winehouse
988,Meghan Trainor feat. John Legend
989,Mr Probz
990,Arianna feat. Pitbull
991,Chromeo
992,Jennifer Lopez feat. Pitbull
993,Jordin Sparks & Chris Brown
994,José Feliciano
995,Angel Melendez
996,Lauren Wood
997,Marvin Gaye and Kim Weston
998,Tammy Wynette
999,Gwen Verdon
1000,Joss Stone
1001,Copacabana
1002,Martin Solveig
1003,Fantasia Barrino
1004,Dimie Cat
1005,Wisin feat. Ricky Martin & Jennifer Lopez
1006,Right Said Fred
1007,MC Hammer
1008,Indila
1009,Aaron Copland
1010,The Kid Laroi & Justin Bieber
1011,Dua Lipa
1012,Jennifer Lopez & Pitbull
1013,Alan Menken
1014,Grace feat. G-Eazy
1015,Jessie James Decker
1016,U2
1017,The Ames Brothers
1018,Paloma Faith
1019,Burt Bacharach
1020,Scorpions
1021,Stealers Wheel
1022,Snap!
1023,Semyon Bychkov & Orchestre de Paris
1024,Jem
1025,Bastille
1026,Martin Garrix feat. Usher
1027,Secondhand Serenade
1028,Scott Bradlee & Postmodern Jukebox
1029,Louis Prima & Keely Smith
1030,Diana Krall
1031,"Major Lazer feat. Busy Signal, The Flexican & FS Green"
1032,Shakira feat. Rihanna
1033,Awolnation
1034,Ana Tijoux
1035,Johnny Pearson
1036,Rolling Stones
1037,Los Lonely Boys
1038,Jim Croce
1039,Rick Springfield
1040,Billy Vera & The Beaters
1041,Sly & The Family Stone
1042,Lee Roy Reams
1043,The Foundations
1044,Sarah McLachlan
1045,Judy Kuhn
1046,The Score
1047,Will Smith feat. Dru Hill & Kool Moe Dee
1048,Portugal. The Man
1049,Bob Wilson & His Varsity Rhythm Boys
1050,Carl Orff
1051,Common feat. Pharrell Williams
1052,Joe Esposito
1053,Doja Cat feat. SZA
1054,Fergie & Ludacris
1055,JP Cooper
1056,Joni Mitchell
1057,"Jagged Edge, featuring RUN"
1058,Teddybears feat. Mad Cobra
1059,Anna Nalick
1060,John Waite
1061,La Roux
1062,Orquesta Color Tango de Roberto Alvarez
1063,Cameo
1064,Woodkid
1065,Cupid
1066,Miss Li
1067,Klaus Hallen
1068,from The Mask
1069,Dario G
1070,Les Tambours du Bronx
1071,John Travolta
1072,Jesse Corti & Richard White
1073,Alan Menken & David Zippel
1074,Mandy Moore
1075,Sheila E.
1076,Smash cast feat. Megan Hilty
1077,Sevdaliza
1078,Andrea Bocelli feat. Jennifer Lopez
1079,Silk Sonic
1080,Santana feat. The Product G&B
1081,Pitbull feat. Papayo
1082,Lewis Capaldi
1083,Lauryn Hill
1084,Jim Brickman & Wayne Brady
1085,Johann Pachelbel
1086,Martynas Levickis
1087,Pablo Cruise
1088,Cream
1089,Foreigner
1090,Bo Diddley
1091,Lalo Schifrin & Orchestra Ensemble
1092,Ozzy Osbourne
1093,"Debbie Reynolds, Gene Kelly & Donald O'Connor"
1094,Bill Medley & Jennifer Warnes
1095,Angela Via feat. Joe Budden
1096,Deana Carter
1097,MGMT
1098,The Pierces
1099,Ella Henderson
1100,Kongos
1101,Lorde
1102,Emeli Sandé
1103,Marie Miller
1104,Frankie Lymon and the Teenagers
1105,from Singin' in the Rain
1106,Salt-N-Pepa
1107,Evanescence
1108,Lea Salonga
1109,Lord Huron
1110,Ant Clemons & Justin Timberlake
1111,James Arthur
1112,Cy Coleman
1113,"Justin Timberlake, featuring Timbaland"
1114,Wolfgang Mozart
1115,Franz Schubert (performed by Jackie Evancho)
1116,Giuseppe Verdi (performed by Vittorio Grigolo)
1117,Blue Foundation
1118,The Cat Empire
1119,Prince
1120,Eddie Cochran
1121,Ginuwine
1122,Miranda Lambert & Carrie Underwood
1123,Christa Behnke
1124,Mary Wells
1125,Rob Base and DJ E-Z Rock
1126,Janelle Monáe
1127,Joe Arroyo
1128,Ketty Lester
1129,Alexandra Stan
1130,The Andrew Sisters
1131,2WEI
1132,Martin Garrix
1133,Daddy Yankee & Luis Fonsi
1134,Jimmie Allen
1135,Lady Gaga & Ariana Grande
1136,Lifehouse
1137,Sergei Prokofiev
1138,Marian Hill
1139,The Script feat. will.i.am
1140,David Garrett & Royal Philharmonic Orchestra
1141,Quantic & Nikodemus
1142,The Commodores
1143,Evanescence feat. Paul McCoy
1144,Manuel Penella
1145,Anastacia
1146,Sheppard
1147,Quindon Tarver
1148,BC Jean
1149,Kevin Rudolf & Lil Wayne
1150,Amos Lee
1151,The Notorious B.I.G.
1152,"Tito Puente, Jr."
1153,Louis Armstrong & Ella Fitzgerald
1154,Red Hot Chili Peppers
1155,The Jacksons
1156,Canned Heat
1157,Was (Not Was)
1158,Lindsey Stirling
1159,Chase Holfelder
1160,Tape Five feat. Henrik Wager
1161,Bastille feat. Gabrielle Aplin
1162,Anthony Hamilton & Elayna Boynton
1163,Earl St. Clair
1164,Donell Jones
1165,Camila Cabello
1166,Bobby McFerrin
1167,Kiesza
1168,"Cobra Starship, featuring Leighton Meester"
1169,Green Day
1170,Avicii feat. Sterling Fox & Audra Mae
1171,Hermes House Band
1172,X Ambassadors
1173,Cab Calloway
1174,Mariano Mores
1175,Duffy
1176,Carole King
1177,The Newbeats
1178,The Tractors
1179,Indigo Swing
1180,Lana Del Rey
1181,The Doors
1182,Marilyn Manson
1183,Gerard McMann
1184,Kool and the Gang
1185,The Go-Go's
1186,The Ides of March
1187,Calvin Harris feat. Ellie Goulding
1188,Stevie Ray Vaughan
1189,Kenny Rogers feat. Dolly Parton
1190,Manuel Panella
1191,Timbaland featuring Keri Hilson and D.O.E.
1192,Carmen Miranda
1193,Chubby Checker
1194,Deee-Lite
1195,NONONO
1196,Cher
1197,Panjabi MC
1198,SYML
1199,"José Feliciano,"
1200,Niall Horan
1201,Years & Years
1202,The Chainsmokers feat. Daya
1203,"Cardi B, Bad Bunny & J Balvin"
1204,Brittany Spears
1205,Bonde do Rolê feat. Rizzle Kicks
1206,Wayne Beckford
1207,Tori Kelly
1208,Rob Base & DJ E-Z Rock
1209,David Guetta feat. Skylar Grey
1210,Proyecto Uno
1211,Sérgio Mendes feat. Carlinhos Brown
1212,from The Passion of the Christ
1213,Tommy Sparks
1214,Chris De Burgh
1215,Marc Anthony
1216,Otros Aires Electronic Tango Orchestra
1217,Tom Petty
1218,Leo Sayer
1219,Kate Hudson
1220,Shiny Toy Guns
1221,Christina Aguilera & Blake Shelton
1222,Arthur Murray Orchestra
1223,Atwater Men's Club
1224,John Denver
1225,Gregor Salto
1226,Seth MacFarlane
1227,Mazzy Star
1228,David Guetta feat. Nicki Minaj
1229,Nathaniel Rateliff & the Night Sweats
1230,Disturbed
1231,Pitbull feat. John Ryan
1232,Letters To Cleo
1233,Ella Mae Bowen
1234,Haley Reinhart
1235,Vampire Weekend
1236,David Hirschfelder & The Bogo Pogo Orchestra
1237,Black Oak Arkansas
1238,Major Lazer feat. The Partysquad
1239,Bajofondo
1240,The Baseballs
1241,Carly Pearce
1242,Dierks Bentley feat. Brothers Osborne
1243,Wisin
1244,The Proclaimers
1245,Stevie Wonder feat. Ariana Grande
1246,E.S. Posthumus
1247,Alacran
1248,A.P.P.A.R.T.
1249,The Marvelettes
1250,Zedd feat. Hayley Williams
1251,DOROTHY
1252,"Earth, Wind, and Fire"
1253,69 Boyz
1254,from Dreamgirls
1255,MIKA
1256,DJ Snake & Lil Jon
1257,Jason Derulo feat. 2 Chainz
1258,Hardwell
1259,Elvis Crespo
1260,LANCO
1261,Chris Stapleton
1262,Lauren Alaina
1263,Chris Janson
1264,Usher feat. Lil Jon & Ludacris
1265,The Cinematic Orchestra feat. Patrick Watson
1266,NEEDTOBREATHE feat. Gavin DeGraw
1267,Bugsy Malone
1268,The Piano Guys
1269,Nathan Sykes feat. Ariana Grande
1270,Michael Buble
1271,Sergio Mendes
1272,Thurston Harris and the Sharps
1273,Ben E. King
1274,Bailongo
1275,Christina Grimmie
1276,X Ambassadors & Jamie N Commons feat. Jay-Z
1277,Christian TV
1278,John Travolta and Olivia Newton-John
1279,Run-D.M.C.
1280,Nikki Williams
1281,Preservation Hall Jazz Band
1282,Nikki & Rich
1283,Alexander Jean
1284,Yin Yang Twins feat. Pitbull
1285,Oh the Larceny
1286,The Weeknd feat. Ed Sheeran
1287,Noisettes
1288,Myon
1289,Jean Knight
1290,Osvaldo Pugliese
1291,Janelle Monáe feat. Big Boi
1292,Andrews Sisters
1293,Dinah Washington
1294,Prince Royce feat. Jennifer Lopez & Pitbull
1295,Unit 4 + 2
1296,Frankie Valli
1297,Ariana Grande feat. Iggy Azalea
1298,Lipps Inc.
1299,John Newman
1300,Bishop Briggs
1301,Merry Clayton
1302,Rayelle
1303,Bakermat feat. Alex Clare
1304,The Young Rascals
1305,Justin Bieber
1306,James Vincent McMorrow
1307,Irene Cara
1308,Rumer Willis
1309,Cash Cash feat. Julia Michaels
1310,Usher feat. Lil' Jon & Ludacris
1311,Avril Lavigne feat. Chad Kroeger
1312,from Forever Tango
1313,P!nk
1314,Taylor Dayne
1315,"Jason Weaver, Rowan Atkinson & Laura Williams"
1316,Auliʻi Cravalho
1317,Macklemore & Ryan Lewis
1318,Shakira feat. Wyclef Jean
1319,Madeon
1320,Ludovic Bource
1321,Benny Goodman
1322,Cowboy Troy
1323, MKTO
1324, Goodwill & Hook n Sling
1325,Calvin Harris feat. John Newman
1326,The Coasters
1327,Andra Day & Common
1328,Zac Efron & Zendaya
1329,The Weeknd & Kendrick Lamar
1330,Austin French
1331,Taco feat. tomX
1332,Escala
1333,Nicki Minaj
1334,Carlos Vives
1335,Christopher Walken
1336,Tevin Campbell
1337,Labrinth feat. Emeli Sandé
1338,Juanes
1339,Justin Bieber feat. Nicki Minaj
1340,Bonde do Rolê
1341,Felix Jaehn feat. Hight & Alex Aiono
1342,Avicii feat. Sandro Cavazza
1343,Héctor Lavoe
1344,Jason Mraz & Colbie Caillat
1345,Spin Doctors
1346,Parov Stelar
1347,Alesso feat. Ryan Tedder
1348,Empire cast feat. Jussie Smollett & Pitbull
1349,Diplo feat. Faustix & Imanos and Kai
1350,Koji Kondo
1351,"Alex Newell, Jess Glynne & DJ Cassidy with Nile Rodgers"
1352,"Dove Cameron, Sofia Carson,"
1353,Jonas Brothers
1354,Sleeping at Last
1355,The Sugarhill Gang
1356,Kimberly Cole
1357,LMFAO
1358,Björk
1359,Bill Withers
1360,Bruce Adler
1361,Melora Hardin
1362,Chiwetel Ejiofor
1363,Klaus Badelt & Hans Zimmer
1364,Missy Elliott feat. Pharrell Williams
1365,Mariah Carey & Whitney Houston
1366,X Ambassadors & Jamie N Commons
1367,Annie Lennox
1368,Florence and the Machine
1369,The Osmonds
1370,Keala Settle
1371,Fleetwood Mac
1372,Kylie Minogue
1373,Shawn Mendes & Camila Cabello
1374,Kina Grannis
1375,Saint Jhn
1376,Rihanna feat. Calvin Harris
1377,Lee Ann Womack feat. Sons of the Desert
1378,Anika Noni Rose
1379,"Stockard Channing,"
1380,John Travolta & Jeff Conaway
1381,Russell Watson
1382,Sean Kingston
1383,Prince & The Revolution
1384,Timeflies
1385,Frankie Avalon
1386,Sha Na Na
1387,Stockard Channing
1388,Daddy Yankee feat. Snow
1389,Jon Batiste
1390,Carmen Twillie & Lebo M.
1391,RAIGN
1392,District 78 feat. Patrice Covington
1393,Kim Petras
1394,Daniel Jang
1395,Måneskin
1396,Selena
1397,Newsies cast
1398,"DJ Khaled feat. T-Pain, Ludacris, Rick Ross & Snoop Dogg"
1399,Luniz feat. Michael Marshall
1400,Ciara
1401,Lady Gaga & Bradley Cooper
1402,Meryl Streep
1403,Luke Combs
1404,Al Green
1405,Santana feat. Rob Thomas
1406,Michael Sembello
1407,Lil Nas X feat. Billy Ray Cyrus
1408,New Kids on the Block
1409,"JD McCrary,"
1410,Tiffany
1411,DeBarge
1412,Ariana Grande & John Legend
1413,Cast of High School Musical
1414,Zayn & Zhavia Ward
1415,Marky Mark and the Funky Bunch
1416,Doja Cat feat. Nicki Minaj
1417,Grace Potter & The Nocturnals
1418,Cast of The Rocky Horror Picture Show
1419,Ava Max
1420,Vincint
1421,Helmut Vonlichten
1422,Bobby Pickett
1423,Chris Isaak
1424,Styx
1425,Intermezzo Orchestra
1426,MILCK
1427,Don Omar & Lucenzo
1428,Montell Jordan
1429,Ally Brooke feat. Matoma
1430,Forever Tango
1431,Paula Cole
1432,Linda Ronstadt
1433,Martynas
1434,Ariana Grande & Justin Bieber
1435,The Tony Rich Project
1436,Missy Elliott
1437,David Guetta feat. Sia
1438,Lenii
1439,Kaleo
1440,Missy Elliott feat. Ciara & Fat Man Scoop
1441, Tupac feat. Dr. Dre & Roger Troutman
1442,Amy Winehouse feat. Mark Ronson
1443,Sam Smith & Normani
1444,Gloria Estefan & Miami Sound Machine
1445,Junior Senior
1446,Noah Cyrus
1447,Ella Mae Bowen & Bonnie Tyler
1448,Jonas Brothers & Karol G
1449,JP Saxe & Julia Michaels
1450,The Chicks
