professional_id,professional
1,Maksim Chmerkovskiy
2,Anna Trebunskaya
3,Louis van Amstel
4,Edyta Śliwińska
5,Derek Hough
6,Chelsie Hightower
7,Tony Dovolani
8,Cheryl Burke
9,Lacey Schwimmer
10,Damian Whitewood
11,Karina Smirnoff
12,Corky Ballas
13,Mark Ballas
14,Peta Murgatroyd
15,Julianne Hough
16,Kym Johnson
17,Sasha Farber
18,Witney Carson
19,Valentin Chmerkovskiy
20,Andrea Hale
21,Dmitry Chaplin
22,Jonathan Roberts
23,Alec Mazo
24,Inna Brayer
25,Elena Grinenko
26,Tristan MacManus
27,Keo Motsepe
28,Artem Chigvintsev
29,Sharna Burgess
30,Lindsay Arnold
31,Alan Bersten
32,Gleb Savchenko
33,Emma Slater
34,Allison Holker
35,Ashly DelGrosso
36,Brandon Armstrong
37,Louis Van Amstel
38,Ashly Costa
39,Anna Demidova
40,Brian Fortuna
41,Jesse DeSoto
42,Jenna Johnson
43,Charlotte Jørgensen
44,Britt Stewart
45,Nick Kosovich
46,Tyne Stecklein
47,Kym Herjavec
48,Pasha Pashkov
49,Koko Iwasaki
50,Henry Byalikov
51,Fabian Sanchez
52,Val Chmerkovskiy
53,Daniella Karagach
54,Alexis Warr
