"performance_id","primary_song_id","primary_dance_style_id","couple_id","professional_id","celebrity_id","season","week","week_theme_id"
132,1,1,1,1,1,10,"4",1
135,2,1,2,2,2,10,"4",1
136,3,2,3,3,3,10,"4",1
137,4,2,4,4,4,10,"4",1
138,5,2,5,5,5,10,"4",1
143,6,1,6,6,6,10,"4",1
144,7,1,7,7,7,10,"4",1
145,8,2,8,8,8,10,"4",1
150,9,2,9,9,9,10,"4",1
2823,10,2,10,2,10,11,"4",2
2849,11,2,11,1,11,11,"4",2
2850,12,3,12,8,12,11,"4",2
2851,13,2,13,10,13,11,"4",2
2852,14,3,14,11,14,11,"4",2
2879,15,2,15,12,15,11,"4",2
2880,16,3,16,5,16,11,"4",2
2881,17,2,17,13,17,11,"4",2
2910,18,3,18,7,18,11,"4",2
0,19,4,19,4,19,2,"1",3
1,20,5,20,3,20,2,"1",3
2,21,4,21,14,21,2,"1",3
3,22,5,22,7,22,2,"1",3
4,23,4,23,15,23,1,"1",3
5,24,4,24,8,24,2,"1",3
6,25,5,25,1,25,2,"1",3
7,26,4,26,15,26,2,"1",3
8,27,5,27,16,27,2,"1",3
9,28,5,28,16,28,1,"1",3
10,29,4,29,4,29,1,"1",3
11,30,5,30,17,30,1,"1",3
12,31,4,31,18,31,1,"1",3
13,32,4,32,2,32,2,"1",3
14,33,5,33,19,33,2,"1",3
15,34,2,20,3,20,2,"2",3
16,35,5,34,3,34,1,"1",3
17,36,2,28,16,28,1,"2",3
18,37,6,24,8,24,2,"2",3
19,38,2,25,1,25,2,"2",3
20,39,6,19,4,19,2,"2",3
21,40,6,23,15,23,1,"2",3
22,41,2,34,3,34,1,"2",3
23,42,6,31,18,31,1,"2",3
24,43,2,33,19,33,2,"2",3
25,44,6,32,2,32,2,"2",3
26,45,2,22,7,22,2,"2",3
27,46,6,26,15,26,2,"2",3
28,47,2,30,17,30,1,"2",3
29,48,6,29,4,29,1,"2",3
30,49,7,29,4,29,1,"3",3
31,50,2,27,16,27,2,"2",3
32,51,7,32,2,32,2,"3",3
33,52,1,28,16,28,1,"3",3
34,53,7,30,17,30,1,"3",3
35,54,1,31,18,31,1,"3",3
36,55,7,23,15,23,1,"3",3
37,56,1,27,16,27,2,"3",3
38,57,7,24,8,24,2,"3",3
39,16,1,19,4,19,2,"3",3
40,58,8,23,15,23,1,"4",3
41,59,7,20,3,20,2,"3",3
42,60,1,22,7,22,2,"3",3
43,61,7,26,15,26,2,"3",3
44,62,1,25,1,25,2,"3",3
45,63,8,28,16,28,1,"4",3
46,64,8,31,18,31,1,"4",3
47,65,8,30,17,30,1,"4",3
48,66,9,31,18,31,1,"5",3
49,67,10,19,4,19,2,"4",3
50,68,10,31,18,31,1,"5",3
51,69,9,30,17,30,1,"5",3
52,70,10,30,17,30,1,"5",3
53,71,9,23,15,23,1,"5",3
54,72,9,25,1,25,2,"4",3
55,73,10,26,15,26,2,"4",3
56,74,9,22,7,22,2,"4",3
57,75,10,24,8,24,2,"4",3
58,76,10,23,15,23,1,"5",3
59,42,6,31,18,31,1,"6",4
60,77,9,32,2,32,2,"4",3
61,78,10,20,3,20,2,"4",3
62,79,8,22,7,22,2,"5",3
63,80,11,31,18,31,1,"6",4
64,65,8,30,17,30,1,"6",4
65,81,11,30,17,30,1,"6",4
66,82,4,30,17,30,1,"7",5
67,83,8,19,4,19,2,"5",3
68,84,8,20,3,20,2,"5",3
69,85,6,30,17,30,1,"7",5
70,86,11,30,17,30,1,"7",5
71,87,2,31,18,31,1,"7",5
72,88,8,25,1,25,2,"5",3
73,89,8,32,2,32,2,"5",3
74,90,8,24,8,24,2,"5",3
75,68,10,32,2,32,2,"6",3
76,91,5,31,18,31,1,"7",5
77,92,11,31,18,31,1,"7",5
78,93,1,24,8,24,2,"6",3
79,94,2,19,4,19,2,"6",3
80,95,6,20,3,20,2,"6",3
81,96,7,22,7,22,2,"6",3
82,97,6,22,7,22,2,"7",3
83,98,4,22,7,22,2,"7",3
84,99,1,32,2,32,2,"7",3
85,100,2,32,2,32,2,"7",3
86,101,9,20,3,20,2,"7",3
87,102,4,20,3,20,2,"7",3
88,103,9,24,8,24,2,"7",3
89,104,2,24,8,24,2,"7",3
90,77,9,32,2,32,2,"8",3
91,105,11,32,2,32,2,"8",3
92,106,4,32,2,32,2,"8",3
93,96,7,22,7,22,2,"8",3
94,107,11,22,7,22,2,"8",3
95,108,8,22,7,22,2,"8",3
96,75,10,24,8,24,2,"8",3
97,109,11,24,8,24,2,"8",3
98,110,4,8,8,8,10,"1",6
99,111,7,24,8,24,2,"8",3
100,112,12,35,13,35,10,"1",6
101,113,4,1,1,1,10,"1",6
102,114,12,6,6,6,10,"1",6
103,115,4,3,3,3,10,"1",6
104,116,12,2,2,2,10,"1",6
105,117,4,36,20,36,10,"1",6
106,118,12,5,5,5,10,"1",6
107,119,4,4,4,4,10,"1",6
108,120,12,7,7,7,10,"1",6
109,121,4,9,9,9,10,"1",6
110,122,7,35,13,35,10,"2",7
111,123,9,4,4,4,10,"2",7
112,124,7,2,2,2,10,"2",7
113,125,9,3,3,3,10,"2",7
114,126,7,6,6,6,10,"2",7
115,127,9,36,20,36,10,"2",7
116,128,7,5,5,5,10,"2",7
117,129,9,1,1,1,10,"2",7
118,130,9,9,9,9,10,"2",7
119,131,9,8,8,8,10,"2",7
120,55,7,7,7,7,10,"2",7
121,132,6,2,2,2,10,"3",8
122,25,5,36,20,36,10,"3",8
123,133,6,6,6,6,10,"3",8
124,134,5,3,3,3,10,"3",8
125,135,10,8,8,8,10,"3",8
126,73,10,9,9,9,10,"3",8
127,136,6,4,4,4,10,"3",8
128,137,5,1,1,1,10,"3",8
129,138,4,37,11,37,9,"1",3
130,139,10,7,7,7,10,"3",8
131,140,6,5,5,5,10,"3",8
133,141,9,38,2,38,9,"1",3
134,142,4,39,10,39,9,"1",3
139,143,9,40,4,40,9,"1",3
140,144,9,41,21,41,9,"1",3
141,145,9,42,6,42,9,"1",3
142,146,4,43,22,43,9,"1",3
146,147,4,44,8,44,9,"1",3
151,148,7,3,3,3,10,"5",9
155,149,6,8,8,8,10,"5",9
156,150,7,1,1,1,10,"5",9
157,151,4,6,6,6,10,"5",9
158,95,6,9,9,9,10,"5",9
161,152,13,45,1,45,9,"1",3
162,153,9,7,7,7,10,"5",9
163,154,1,5,5,5,10,"5",9
164,155,2,2,2,2,10,"5",9
165,156,12,46,13,46,9,"1",3
166,157,12,47,23,47,9,"1",3
167,158,13,48,7,48,9,"1",3
168,159,13,49,17,49,9,"1",3
169,160,8,6,6,6,10,"6",10
170,20,12,50,16,50,9,"1",3
171,161,13,51,5,51,9,"1",3
172,162,12,52,3,52,9,"1",3
173,163,8,2,2,2,10,"6",10
174,164,3,3,3,3,10,"6",10
175,165,8,1,1,1,10,"6",10
176,166,3,8,8,8,10,"6",10
180,167,4,53,5,53,8,"1",3
181,168,8,5,5,5,10,"6",10
182,169,3,9,9,9,10,"6",10
188,33,5,54,16,54,8,"1",3
189,170,4,55,4,55,8,"1",3
190,171,5,56,10,56,8,"1",3
196,172,7,51,5,51,9,"2",3
197,173,4,57,8,57,8,"1",3
198,174,5,58,24,58,8,"1",3
201,175,6,1,1,1,10,"7",11
202,26,6,49,17,49,9,"2",3
203,176,1,38,2,38,9,"2",3
204,177,7,46,13,46,9,"2",3
205,178,6,43,22,43,9,"2",3
206,179,4,59,23,59,8,"1",3
207,180,4,60,6,60,8,"1",3
208,181,5,61,13,61,8,"1",3
209,182,4,62,11,62,8,"1",3
210,183,12,8,8,8,10,"7",11
211,91,5,5,5,5,10,"7",11
212,184,5,9,9,9,10,"7",11
213,185,1,45,1,45,9,"2",3
214,186,7,42,6,42,9,"2",3
215,187,6,37,11,37,9,"2",3
216,91,5,63,21,63,8,"1",3
217,188,4,64,1,64,8,"1",3
218,189,5,65,7,65,8,"1",3
219,190,6,59,23,59,8,"2",3
220,191,6,3,3,3,10,"7",11
221,192,3,2,2,2,10,"7",11
222,193,1,8,8,8,10,"8",12
223,194,1,52,3,52,9,"2",3
224,195,6,48,7,48,9,"2",3
225,196,6,39,10,39,9,"2",3
226,197,13,63,21,63,8,"2",3
227,198,6,64,1,64,8,"2",3
228,199,13,54,16,54,8,"2",3
229,200,6,60,6,60,8,"2",3
230,201,7,8,8,8,10,"8",12
231,202,12,3,3,3,10,"8",12
232,203,10,3,3,3,10,"8",12
233,204,3,1,1,1,10,"8",12
234,205,7,47,23,47,9,"2",3
235,62,1,44,8,44,9,"2",3
236,206,7,41,21,41,9,"2",3
237,207,2,39,10,39,9,"3",3
238,208,13,61,13,61,8,"2",3
239,209,6,62,11,62,8,"2",3
240,210,13,58,24,58,8,"2",3
241,211,6,55,4,55,8,"2",3
242,212,4,66,24,66,7,"1",3
243,213,2,1,1,1,10,"8",12
244,214,5,2,2,2,10,"8",12
245,215,4,2,2,2,10,"8",12
246,216,8,51,5,51,9,"3",3
247,217,2,47,23,47,9,"3",3
248,218,8,46,13,46,9,"3",3
249,104,2,42,6,42,9,"3",3
250,219,13,56,10,56,8,"2",3
251,85,6,53,5,53,8,"2",3
252,220,13,65,7,65,8,"2",3
253,221,6,57,8,57,8,"2",3
254,222,9,67,11,67,7,"1",3
255,223,4,68,17,68,7,"1",3
256,224,9,69,8,69,7,"1",3
257,225,4,70,5,70,7,"1",3
258,226,9,5,5,5,10,"8",12
259,227,10,5,5,5,10,"8",12
260,228,12,1,1,1,10,"9",13
261,229,8,45,1,45,9,"3",3
262,41,2,41,21,41,9,"3",3
263,230,8,43,22,43,9,"3",3
264,199,13,54,16,54,8,"2",3
265,231,9,71,25,71,7,"1",3
266,232,4,72,10,72,7,"1",3
267,233,9,73,12,73,7,"1",3
268,234,4,74,4,74,7,"1",3
269,235,10,1,1,1,10,"9",13
270,236,3,5,5,5,10,"9",13
271,237,4,5,5,5,10,"9",13
272,238,5,8,8,8,10,"9",13
273,239,2,49,17,49,9,"3",3
274,240,8,38,2,38,9,"3",3
275,241,2,37,11,37,9,"3",3
276,209,6,62,11,62,8,"2",3
277,242,8,64,1,64,8,"3",3
278,243,9,75,13,75,7,"1",3
279,244,4,76,7,76,7,"1",3
280,245,9,77,1,77,7,"1",3
281,246,8,8,8,8,10,"9",13
282,247,9,2,2,2,10,"9",13
283,248,10,2,2,2,10,"9",13
284,249,4,78,21,78,6,"1",3
285,250,8,44,8,44,9,"3",3
286,251,8,52,3,52,9,"3",3
287,252,14,38,2,38,9,"4",3
288,253,9,58,24,58,8,"3",3
289,254,8,59,23,59,8,"3",3
290,255,9,56,10,56,8,"3",3
291,256,8,55,4,55,8,"3",3
292,257,4,79,21,79,7,"1",3
293,258,6,72,10,72,7,"1",3
294,259,8,1,1,1,10,"10",14
295,260,9,80,4,80,6,"1",3
296,261,4,81,8,81,6,"1",3
297,262,9,82,24,82,6,"1",3
298,263,4,83,11,83,6,"1",3
299,264,15,46,13,46,9,"4",3
300,265,16,49,17,49,9,"4",3
301,266,17,37,11,37,9,"4",3
302,267,14,39,10,39,9,"4",3
303,268,9,61,13,61,8,"3",3
304,269,8,57,8,57,8,"3",3
305,270,9,63,21,63,8,"3",3
306,271,4,84,5,84,5,"1",3
307,272,18,77,1,77,7,"1",3
308,273,18,69,8,69,7,"1",3
309,274,6,70,5,70,7,"1",3
310,275,11,1,1,1,10,"10",14
312,276,12,2,2,2,10,"10",14
313,277,9,85,2,85,6,"1",3
314,278,4,86,5,86,6,"1",3
315,279,15,52,3,52,9,"4",3
316,280,17,51,5,51,9,"4",3
317,281,15,41,21,41,9,"4",3
318,282,8,62,11,62,8,"3",3
319,283,9,65,7,65,8,"3",3
320,284,8,53,5,53,8,"3",3
321,285,9,60,6,60,8,"3",3
322,286,9,87,17,87,5,"1",3
323,287,4,88,13,88,5,"1",3
324,288,9,89,16,89,5,"1",3
325,289,18,73,12,73,7,"1",3
326,290,6,68,17,68,7,"1",3
327,291,6,79,21,79,7,"1",3
328,158,18,71,25,71,7,"1",3
329,53,11,2,2,2,10,"10",14
331,292,2,5,5,5,10,"10",14
332,293,9,90,16,90,6,"1",3
333,294,4,91,7,91,6,"1",3
334,295,9,92,3,92,6,"1",3
335,296,9,93,13,93,6,"1",3
336,297,16,43,22,43,9,"4",3
337,298,14,42,6,42,9,"4",3
338,299,17,47,23,47,9,"4",3
339,300,10,49,17,49,9,"5",3
340,254,8,59,23,59,8,"3",3
341,301,4,94,8,94,4,"1",3
342,302,4,95,1,95,5,"1",3
343,303,9,96,7,96,5,"1",3
344,304,9,97,4,97,5,"1",3
345,305,6,66,24,66,7,"1",3
346,306,18,67,11,67,7,"1",3
347,307,6,76,7,76,7,"1",3
348,308,11,5,5,5,10,"10",14
350,309,7,5,5,5,10,"10",14
351,310,4,98,26,98,6,"1",3
352,311,18,85,2,85,6,"2",3
353,312,3,37,11,37,9,"5",3
354,313,10,43,22,43,9,"5",3
355,314,3,47,23,47,9,"5",3
356,315,10,39,10,39,9,"5",3
357,242,8,64,1,64,8,"3",3
358,316,19,63,21,63,8,"4",3
359,178,9,99,17,99,4,"1",3
360,317,4,100,11,100,4,"1",3
361,318,4,101,11,101,5,"1",3
362,319,9,102,24,102,5,"1",3
363,308,4,103,2,103,5,"1",3
364,320,9,104,21,104,5,"1",3
365,321,18,75,13,75,7,"1",3
367,9,2,68,17,68,7,"2",3
368,322,6,2,2,2,10,"10",14
369,323,6,81,8,81,6,"2",3
370,324,18,90,16,90,6,"2",3
371,325,6,78,21,78,6,"2",3
372,326,3,41,21,41,9,"5",3
373,327,3,42,6,42,9,"5",3
374,328,3,46,13,46,9,"5",3
375,329,10,52,3,52,9,"5",3
376,330,4,105,4,105,3,"1",3
377,331,3,53,5,53,8,"4",3
378,332,19,58,24,58,8,"4",3
379,333,3,55,4,55,8,"4",3
380,334,9,106,7,106,4,"1",3
381,335,4,107,21,107,4,"1",3
382,336,9,108,1,108,4,"1",3
383,337,4,109,4,109,4,"1",3
384,338,4,110,8,110,5,"1",3
385,339,6,95,1,95,5,"2",3
386,340,10,70,5,70,7,"2",3
387,341,2,67,11,67,7,"2",3
388,342,10,72,10,72,7,"2",3
389,343,18,92,3,92,6,"2",3
390,344,6,86,5,86,6,"2",3
391,345,18,80,4,80,6,"2",3
392,346,3,111,1,51,9,"5",3
393,347,20,47,23,47,9,"6",3
394,348,9,112,7,111,3,"1",3
395,349,4,113,27,112,3,"1",3
396,350,9,114,3,113,3,"1",3
397,351,4,115,8,114,3,"1",3
398,352,19,60,6,60,8,"4",3
399,353,3,62,11,62,8,"4",3
400,354,19,65,7,65,8,"4",3
401,355,3,59,23,59,8,"4",3
402,356,9,116,28,115,4,"1",3
403,357,4,117,27,116,4,"1",3
404,358,9,118,16,117,4,"1",3
405,359,4,119,24,118,4,"1",3
406,360,18,104,21,104,5,"2",3
407,361,6,110,8,110,5,"2",3
408,362,18,89,16,89,5,"2",3
409,363,2,75,13,75,7,"2",3
410,364,10,77,1,77,7,"2",3
411,365,2,69,8,69,7,"2",3
412,366,10,73,12,73,7,"2",3
413,367,6,91,7,91,6,"2",3
414,368,18,82,24,82,6,"2",3
415,369,6,98,26,98,6,"2",3
416,370,5,46,13,46,9,"6",3
417,371,20,39,10,39,9,"6",3
418,372,5,37,11,37,9,"6",3
419,22,5,43,22,43,9,"6",3
420,373,9,120,1,119,3,"1",3
421,374,4,83,11,120,3,"1",3
422,375,9,121,29,121,3,"1",3
423,376,19,56,10,56,8,"4",3
424,377,3,57,8,57,8,"4",3
425,378,19,61,13,61,8,"4",3
426,379,6,119,24,118,4,"2",3
427,380,6,103,2,103,5,"2",3
428,381,18,102,24,102,5,"2",3
429,382,6,84,5,84,5,"2",3
430,383,2,76,7,76,7,"2",3
431,384,10,79,21,79,7,"2",3
432,385,2,66,24,66,7,"2",3
433,386,7,76,7,76,7,"3",3
434,387,18,93,13,93,6,"2",3
435,388,6,83,11,83,6,"2",3
436,389,20,52,3,52,9,"6",3
437,390,20,42,6,42,9,"6",3
438,391,5,51,5,51,9,"6",3
439,392,20,41,21,41,9,"6",3
440,393,4,122,15,122,3,"1",3
441,394,9,123,19,123,3,"1",3
442,395,4,124,21,124,3,"1",3
443,396,12,58,24,58,8,"5",3
444,397,18,116,28,115,4,"2",3
445,398,6,117,27,116,4,"2",3
446,399,18,106,7,106,4,"2",3
447,240,18,97,4,97,5,"2",3
448,400,6,101,11,101,5,"2",3
449,401,18,96,7,96,5,"2",3
450,402,6,88,13,88,5,"2",3
451,403,12,72,10,72,7,"3",3
452,404,7,69,8,69,7,"3",3
453,405,12,67,11,67,7,"3",3
454,406,7,98,26,98,6,"3",3
458,407,4,107,21,107,15,"1",6
459,408,18,120,1,119,3,"2",3
460,409,10,55,4,55,8,"5",3
461,410,12,61,13,61,8,"5",3
462,411,10,65,7,65,8,"5",3
463,412,6,94,8,94,4,"2",3
464,148,18,99,17,99,4,"2",3
465,413,6,100,11,100,4,"2",3
466,414,7,88,13,88,5,"3",3
467,415,12,79,21,79,7,"3",3
468,416,7,66,24,66,7,"3",3
469,417,12,68,17,68,7,"3",3
470,418,7,73,12,73,7,"3",3
471,419,1,85,2,85,6,"3",3
472,420,7,81,8,81,6,"3",3
477,421,9,125,5,61,15,"1",6
478,422,4,126,3,88,15,"1",6
479,260,9,127,6,102,15,"1",6
480,423,6,122,15,122,3,"2",3
481,424,18,114,3,113,3,"2",3
482,425,6,83,11,120,3,"2",3
483,426,12,63,21,63,8,"5",3
484,427,10,57,8,57,8,"5",3
485,428,12,56,10,56,8,"5",3
486,429,10,60,6,60,8,"5",3
487,430,18,118,16,117,4,"2",3
488,431,6,109,4,109,4,"2",3
489,432,18,108,1,108,4,"2",3
490,433,6,107,21,107,4,"2",3
491,434,1,97,4,97,5,"3",3
492,435,7,104,21,104,5,"3",3
493,436,1,84,5,84,5,"3",3
494,437,12,70,5,70,7,"3",3
495,438,8,69,8,69,7,"4",3
496,185,1,83,11,83,6,"3",3
497,439,7,86,5,86,6,"3",3
498,440,1,82,24,82,6,"3",3
499,441,7,91,7,91,6,"3",3
503,442,4,128,30,9,15,"1",6
504,71,9,65,7,65,15,"1",6
505,443,4,129,11,118,15,"1",6
506,444,9,130,31,57,15,"1",6
507,445,18,121,29,121,3,"2",3
508,446,6,124,21,124,3,"2",3
509,447,18,123,19,123,3,"2",3
510,116,12,53,5,53,8,"5",3
511,426,12,63,21,63,8,"5",3
512,448,7,116,28,115,4,"3",3
513,449,7,95,1,95,5,"3",3
514,16,1,110,8,110,5,"3",3
515,450,7,101,11,101,5,"3",3
516,451,1,96,7,96,5,"3",3
517,452,1,66,24,66,7,"4",3
518,453,8,68,17,68,7,"4",3
519,454,1,73,12,73,7,"4",3
520,455,1,92,3,92,6,"3",3
521,456,7,80,4,80,6,"3",3
522,457,1,93,13,93,6,"3",3
523,458,10,93,13,93,6,"4",3
525,459,9,43,22,43,9,"7",3
526,460,4,17,13,17,15,"1",6
527,461,9,131,2,24,15,"1",6
528,261,4,132,32,30,15,"1",6
529,462,9,133,1,125,15,"1",6
530,463,6,105,4,105,3,"2",3
531,464,18,112,7,111,3,"2",3
532,465,6,115,8,114,3,"2",3
533,409,10,55,4,55,8,"5",3
534,466,7,60,6,60,8,"6",3
535,355,1,109,4,109,4,"3",3
536,467,7,117,27,116,4,"3",3
537,468,1,108,1,108,4,"3",3
538,150,7,119,24,118,4,"3",3
539,469,7,102,24,102,5,"3",3
540,470,1,89,16,89,5,"3",3
541,471,12,104,21,104,5,"4",3
542,472,8,67,11,67,7,"4",3
543,473,1,76,7,76,7,"4",3
544,474,8,70,5,70,7,"4",3
545,475,1,72,10,72,7,"4",3
546,476,12,92,3,92,6,"4",3
547,477,10,82,24,82,6,"4",3
548,120,12,98,26,98,6,"4",3
549,478,6,41,21,41,9,"7",3
550,479,8,134,2,39,9,"7",3
551,480,9,47,23,47,9,"7",3
552,337,4,115,8,114,15,"1",6
553,481,7,65,7,65,15,"2",15
554,482,1,115,8,114,3,"3",3
555,483,2,61,13,61,8,"6",3
556,484,7,55,4,55,8,"6",3
557,485,2,65,7,65,8,"6",3
558,59,7,53,5,53,8,"6",3
559,486,13,135,11,126,21,"1",16
560,487,4,136,13,127,20,"1",16
561,488,1,107,21,107,4,"3",3
562,489,7,94,8,94,4,"3",3
563,490,1,106,7,106,4,"3",3
564,491,10,88,13,88,5,"4",3
565,276,12,96,7,96,5,"4",3
566,492,10,101,11,101,5,"4",3
567,493,12,95,1,95,5,"4",3
568,494,10,97,4,97,5,"4",3
569,495,8,79,21,79,7,"4",3
570,496,21,72,10,72,7,"5",3
571,497,10,83,11,83,6,"4",3
572,498,12,80,4,80,6,"4",3
573,499,10,81,8,81,6,"4",3
574,500,12,86,5,86,6,"4",3
575,501,7,37,11,37,9,"7",3
576,502,13,52,3,52,9,"7",3
577,87,2,51,5,51,9,"7",3
578,503,6,17,13,17,15,"2",15
579,504,7,127,6,102,15,"2",15
580,505,6,129,11,118,15,"2",15
581,506,6,126,3,88,15,"2",15
582,507,7,114,3,113,3,"3",3
583,508,1,122,15,122,3,"3",3
584,128,7,120,1,119,3,"3",3
585,56,1,124,21,124,3,"3",3
586,509,2,56,10,56,8,"6",3
587,510,7,57,8,57,8,"6",3
588,511,2,58,24,58,8,"6",3
589,512,3,65,7,65,8,"7",3
590,425,6,137,32,128,21,"1",16
591,513,4,138,33,129,21,"1",16
592,514,4,139,34,130,21,"1",16
593,515,4,140,21,131,20,"1",16
594,172,7,141,35,132,20,"1",16
595,122,7,142,33,133,20,"1",16
596,82,9,143,36,134,20,"1",16
597,516,7,118,16,117,4,"3",3
598,517,1,100,11,100,4,"3",3
599,313,10,108,1,108,4,"4",3
600,518,12,89,16,89,5,"4",3
601,519,10,84,5,84,5,"4",3
602,520,12,102,24,102,5,"4",3
603,521,8,89,16,89,5,"5",3
604,522,21,68,17,68,7,"5",3
605,523,22,76,7,76,7,"5",3
606,524,22,79,21,79,7,"5",3
607,525,10,91,7,91,6,"4",3
608,526,8,83,11,83,6,"5",3
610,527,7,133,1,125,15,"2",15
611,528,6,115,8,114,15,"2",15
612,510,7,131,2,24,15,"2",15
613,529,7,112,7,111,3,"3",3
614,530,1,83,11,120,3,"3",3
615,531,1,123,19,123,3,"3",3
616,214,5,55,4,55,8,"7",3
617,532,2,53,5,53,8,"7",3
618,533,8,58,24,58,8,"7",3
619,534,5,60,6,60,8,"7",3
620,535,9,144,35,135,21,"1",16
621,536,6,145,3,136,21,"1",16
622,146,7,146,37,137,21,"1",16
623,537,7,147,13,138,21,"1",16
624,53,7,148,37,139,20,"1",16
625,538,4,149,31,140,20,"1",16
626,539,9,150,5,141,20,"1",16
627,540,5,119,24,118,4,"4",3
628,541,10,106,7,106,4,"4",3
629,542,5,94,8,94,4,"4",3
630,543,10,109,4,109,4,"4",3
631,544,2,96,7,96,5,"5",3
632,545,8,104,21,104,5,"5",3
633,546,2,88,13,88,5,"5",3
634,547,8,84,5,84,5,"5",3
635,548,13,73,12,73,7,"5",3
636,549,13,69,8,69,7,"5",3
637,550,20,70,5,70,7,"5",3
638,551,20,66,24,66,7,"5",3
639,5,2,92,3,92,6,"5",3
640,552,8,91,7,91,6,"5",3
641,553,2,81,8,81,6,"5",3
642,554,8,98,26,98,6,"5",3
644,555,6,47,23,47,9,"8",3
645,556,6,107,21,107,15,"2",15
646,557,7,125,5,61,15,"2",15
647,558,6,132,32,30,15,"2",15
648,420,7,130,31,57,15,"2",15
649,559,7,105,4,105,3,"3",3
650,560,5,114,3,113,3,"4",3
651,407,4,61,13,61,8,"7",3
652,561,12,57,8,57,8,"7",3
653,562,19,57,8,57,8,"8",3
654,163,13,151,7,142,21,"1",16
655,448,7,152,5,143,21,"1",16
656,563,4,153,2,144,21,"1",16
657,564,9,154,38,145,21,"1",16
658,565,4,155,34,146,20,"1",16
659,566,4,156,39,147,20,"1",16
660,567,4,157,7,148,20,"1",16
661,568,9,158,32,149,20,"1",16
662,569,5,117,27,116,4,"4",3
663,506,10,100,11,100,4,"4",3
664,570,5,118,16,117,4,"4",3
665,571,2,102,24,102,5,"5",3
666,572,8,95,1,95,5,"5",3
667,573,2,97,4,97,5,"5",3
668,574,9,88,13,88,5,"6",3
669,575,12,69,8,69,7,"6",3
670,576,2,93,13,93,6,"5",3
671,577,8,86,5,86,6,"5",3
672,578,2,80,4,80,6,"5",3
673,579,8,47,23,47,9,"8",3
674,580,9,37,11,37,9,"8",3
675,581,8,37,11,37,9,"8",3
676,388,6,51,5,51,9,"8",3
677,23,4,131,2,24,15,"3",17
678,68,10,115,8,114,3,"4",3
679,91,5,120,1,119,3,"4",3
680,582,10,112,7,111,3,"4",3
681,583,10,53,5,53,8,"8",3
682,584,4,58,24,58,8,"8",3
683,585,8,61,13,61,8,"8",3
684,586,4,159,39,150,21,"1",16
685,587,7,159,39,150,21,"2",18
686,588,4,148,37,139,20,"2",19
687,589,10,107,21,107,4,"4",3
688,590,8,94,8,94,4,"5",3
689,591,18,84,5,84,5,"6",3
690,592,7,96,7,96,5,"6",3
691,593,8,97,4,97,5,"6",3
692,594,7,72,10,72,7,"6",3
693,595,18,76,7,76,7,"6",3
694,596,2,70,5,70,7,"6",3
695,597,4,80,4,80,6,"6",3
696,598,4,160,8,151,19,"1",16
697,599,10,51,5,51,9,"8",3
698,600,9,52,3,52,9,"8",3
699,601,7,52,3,52,9,"8",3
700,1,1,130,31,57,15,"3",17
701,83,8,65,7,65,15,"3",17
702,101,9,129,11,118,15,"3",17
703,68,10,132,32,30,15,"3",17
704,602,5,124,21,124,3,"4",3
705,145,10,123,19,123,3,"4",3
706,603,5,105,4,105,3,"4",3
707,604,10,83,11,120,3,"4",3
708,605,7,65,7,65,8,"8",3
709,606,13,60,6,60,8,"8",3
710,607,2,145,3,136,21,"2",18
711,608,9,139,34,130,21,"2",18
712,609,9,138,33,129,21,"2",18
713,610,7,157,7,148,20,"2",19
714,611,9,140,21,131,20,"2",19
715,612,4,142,33,133,20,"2",19
716,613,9,149,31,140,20,"2",19
717,614,2,117,27,116,4,"5",3
718,615,2,95,1,95,5,"6",3
719,616,10,89,16,89,5,"6",3
720,617,4,102,24,102,5,"6",3
721,618,1,102,24,102,5,"7",3
722,619,4,73,12,73,7,"6",3
723,620,8,66,24,66,7,"6",3
724,621,2,79,21,79,7,"6",3
725,622,2,86,5,86,6,"6",3
726,623,18,98,26,98,6,"6",3
727,624,9,81,8,81,6,"6",3
728,625,12,91,7,91,6,"6",3
729,245,9,161,36,152,19,"1",16
730,261,7,162,32,153,19,"1",16
731,626,4,163,33,154,19,"1",16
732,102,4,164,7,155,19,"1",16
733,627,12,41,21,41,9,"8",3
734,491,10,41,21,41,9,"8",3
735,628,1,41,21,41,9,"9",3
736,629,4,133,1,125,15,"3",17
737,630,10,126,3,88,15,"3",17
738,631,10,115,8,114,15,"3",17
739,632,8,105,4,105,3,"5",3
740,633,6,61,13,61,8,"9",3
741,634,7,144,35,135,21,"2",18
742,635,4,158,32,149,20,"2",19
743,636,8,118,16,117,4,"5",3
744,637,2,107,21,107,4,"5",3
745,229,8,109,4,109,4,"5",3
746,638,8,102,24,102,5,"7",3
747,587,6,89,16,89,5,"7",3
748,639,4,89,16,89,5,"7",3
749,640,9,95,1,95,5,"7",3
750,480,9,79,21,79,7,"7",3
751,641,7,93,13,93,6,"6",3
752,642,2,83,11,83,6,"6",3
753,643,1,91,7,91,6,"7",3
754,260,9,165,39,156,19,"1",16
755,644,4,166,13,157,19,"1",16
756,645,4,167,34,158,19,"1",16
757,646,8,41,21,41,9,"9",3
758,647,20,41,21,41,9,"9",3
759,648,12,51,5,51,9,"9",3
760,649,4,51,5,51,9,"9",3
761,650,6,127,6,102,15,"3",17
762,599,10,17,13,17,15,"3",17
763,651,6,125,5,61,15,"3",17
764,652,15,133,1,125,15,"4",20
765,653,2,120,1,119,3,"5",3
766,654,8,112,7,111,3,"5",3
767,655,2,83,11,120,3,"5",3
768,656,10,61,13,61,8,"9",3
769,657,3,60,6,60,8,"9",3
770,658,2,60,6,60,8,"9",3
771,659,5,53,5,53,8,"9",3
772,660,6,151,7,142,21,"2",18
773,661,23,154,38,145,21,"2",18
774,662,13,147,13,138,21,"2",18
775,663,7,155,34,146,20,"2",19
776,664,3,136,13,127,20,"2",19
777,665,8,156,39,147,20,"2",19
778,666,2,150,5,141,20,"2",19
779,667,2,108,1,108,4,"5",3
780,668,8,119,24,118,4,"5",3
781,669,2,100,11,100,4,"5",3
782,630,10,95,1,95,5,"7",3
783,670,6,96,7,96,5,"7",3
784,671,4,96,7,96,5,"7",3
785,672,12,84,5,84,5,"7",3
786,673,10,76,7,76,7,"7",3
787,674,4,69,8,69,7,"7",3
788,675,12,168,4,66,7,"7",3
789,676,2,91,7,91,6,"7",3
790,677,12,81,8,81,6,"7",3
791,678,8,81,8,81,6,"7",3
792,679,7,169,35,159,19,"1",16
793,680,4,170,31,160,19,"1",16
794,655,9,171,11,161,19,"1",16
795,681,7,172,5,162,19,"1",16
796,682,13,51,5,51,9,"9",3
797,683,2,52,3,52,9,"9",3
798,380,6,52,3,52,9,"9",3
799,684,4,52,3,52,9,"9",3
800,685,24,17,13,17,15,"4",20
801,335,25,126,3,88,15,"4",20
802,265,16,115,8,114,15,"4",20
803,686,26,130,31,57,15,"4",20
804,687,4,173,7,163,18,"1",6
805,688,8,124,21,124,3,"5",3
806,689,2,114,3,113,3,"5",3
807,690,13,53,5,53,8,"9",3
808,101,9,57,8,57,8,"9",3
809,148,7,135,11,126,21,"2",18
810,691,4,137,32,128,21,"2",18
811,692,9,141,35,132,20,"2",19
812,693,13,143,36,134,20,"2",19
813,694,13,158,32,149,20,"3",21
814,695,8,107,21,107,4,"6",3
815,696,2,84,5,84,5,"7",3
816,697,6,97,4,97,5,"7",3
817,698,7,97,4,97,5,"7",3
818,699,2,72,10,72,7,"7",3
819,700,9,70,5,70,7,"7",3
820,444,9,168,4,66,7,"8",3
821,701,12,93,13,93,6,"7",3
822,702,4,93,13,93,6,"7",3
823,703,9,83,11,83,6,"7",3
824,704,18,83,11,83,6,"7",3
825,705,7,174,37,164,19,"1",16
826,706,4,171,11,161,19,"2",19
827,707,5,47,23,47,9,"9",3
828,708,13,47,23,47,9,"9",3
829,709,4,47,23,47,9,"9",3
830,710,3,52,3,52,9,"10",3
831,711,20,65,7,65,15,"4",20
832,381,18,125,5,61,15,"4",20
833,712,27,129,11,118,15,"4",20
834,713,9,175,31,165,18,"1",6
835,714,9,176,32,166,18,"1",6
836,715,28,177,11,167,18,"1",6
837,716,8,115,8,114,3,"5",3
838,717,18,83,11,120,3,"6",3
839,718,2,57,8,57,8,"9",3
840,719,12,65,7,65,8,"9",3
841,720,8,65,7,65,8,"9",3
842,463,6,65,7,65,8,"10",3
843,721,9,153,2,144,21,"2",18
844,722,9,146,37,137,21,"2",18
845,723,1,152,5,143,21,"2",18
846,724,2,142,33,133,20,"3",21
847,725,13,149,31,140,20,"3",21
848,726,13,141,35,132,20,"3",21
849,727,10,118,16,117,4,"6",3
850,728,18,109,4,109,4,"6",3
851,729,4,108,1,108,4,"6",3
852,730,7,100,11,100,4,"6",3
853,731,7,84,5,84,5,"8",3
854,732,18,168,4,66,7,"8",3
855,733,1,70,5,70,7,"8",3
856,734,18,70,5,70,7,"8",3
857,735,1,86,5,86,6,"7",3
858,736,18,86,5,86,6,"7",3
859,737,6,80,4,80,6,"7",3
860,738,10,80,4,80,6,"7",3
861,739,9,162,32,153,19,"2",19
862,740,7,161,36,152,19,"2",19
863,741,8,167,34,158,19,"2",19
865,742,11,52,3,52,9,"10",3
866,743,10,47,23,47,9,"10",3
868,744,28,132,32,30,15,"4",20
869,745,8,132,32,30,15,"5",22
870,746,4,178,34,168,18,"1",6
871,747,4,179,1,169,18,"1",6
872,748,28,180,13,170,18,"1",6
873,749,8,114,3,113,3,"6",3
874,750,2,105,4,105,3,"6",3
875,751,7,115,8,114,3,"6",3
876,752,10,124,21,124,3,"6",3
877,753,4,65,7,65,8,"10",3
878,35,5,57,8,57,8,"10",3
879,754,13,57,8,57,8,"10",3
880,755,3,61,13,61,8,"10",3
881,49,7,61,13,61,8,"10",3
882,756,6,139,34,130,21,"2",18
883,757,8,157,7,148,20,"3",21
884,758,3,148,37,139,20,"3",21
885,759,2,140,21,131,20,"3",21
886,760,2,119,24,118,4,"6",3
887,761,10,94,8,94,4,"6",3
888,762,6,108,1,108,4,"7",3
889,123,9,84,5,84,5,"8",3
890,763,12,97,4,97,5,"8",3
891,764,4,97,4,97,5,"8",3
892,765,6,69,8,69,7,"8",3
893,766,10,69,8,69,7,"8",3
894,767,9,72,10,72,7,"8",3
895,768,8,72,10,72,7,"8",3
896,769,6,93,13,93,6,"8",3
897,770,4,165,39,156,19,"2",19
898,771,8,174,37,164,19,"2",19
899,772,9,172,5,162,19,"2",19
900,773,11,47,23,47,9,"10",3
901,31,4,41,21,41,9,"10",3
903,774,2,130,31,57,15,"5",22
904,775,6,133,1,125,15,"5",22
905,757,8,115,8,114,15,"5",22
906,52,1,65,7,65,15,"5",22
907,776,4,181,37,171,18,"1",6
908,777,9,24,8,172,18,"1",6
909,778,4,182,5,173,18,"1",6
910,732,9,124,21,124,3,"7",3
911,779,4,183,31,174,17,"1",6
912,780,12,60,6,60,8,"10",3
913,781,8,60,6,60,8,"10",3
914,782,10,61,13,61,8,"11",14
915,111,4,146,37,137,21,"2",18
916,783,10,153,2,144,21,"2",18
917,784,28,144,35,135,21,"2",18
918,785,2,147,13,138,21,"2",18
919,786,4,143,36,134,20,"3",21
920,787,10,136,13,127,20,"3",21
921,788,3,156,39,147,20,"3",21
922,789,8,150,5,141,20,"3",21
923,790,8,108,1,108,4,"7",3
924,141,9,109,4,109,4,"7",3
925,791,2,109,4,109,4,"7",3
926,792,9,119,24,118,4,"7",3
927,793,2,89,16,89,5,"8",3
928,794,7,89,16,89,5,"8",3
929,795,10,102,24,102,5,"8",3
930,796,1,79,21,79,7,"8",3
931,797,7,79,21,79,7,"8",3
932,798,7,70,5,70,7,"9",3
933,799,8,93,13,93,6,"8",3
934,800,12,83,11,83,6,"8",3
935,801,7,83,11,83,6,"8",3
936,684,9,164,7,155,19,"2",19
937,802,2,160,8,151,19,"2",19
938,199,13,170,31,160,19,"2",19
939,803,11,41,21,41,9,"10",3
941,804,2,125,5,61,15,"5",22
942,805,8,129,11,118,15,"5",22
943,806,5,126,3,88,15,"5",22
944,807,9,184,40,175,18,"1",6
945,808,28,185,39,176,18,"1",6
946,809,7,24,8,172,18,"2",23
947,810,18,124,21,124,3,"7",3
948,811,6,114,3,113,3,"7",3
949,812,10,114,3,113,3,"7",3
950,813,9,186,7,177,17,"1",6
951,814,28,187,11,178,17,"1",6
952,815,9,188,8,179,17,"1",6
953,816,4,189,5,180,17,"1",6
954,782,10,65,7,65,8,"11",14
955,782,10,57,8,57,8,"11",14
956,425,11,61,13,61,8,"11",14
957,817,1,145,3,136,21,"2",18
958,818,5,152,5,143,21,"2",18
959,819,9,151,7,142,21,"2",18
960,820,6,154,38,145,21,"2",18
961,821,3,150,5,141,20,"4",24
962,266,18,119,24,118,4,"7",3
963,822,1,94,8,94,4,"7",3
964,823,18,94,8,94,4,"7",3
965,651,6,102,24,102,5,"8",3
966,824,1,95,1,95,5,"8",3
967,825,18,95,1,95,5,"8",3
968,826,6,89,16,89,5,"9",3
969,827,13,70,5,70,7,"9",3
970,828,10,66,24,66,7,"9",3
971,829,13,66,24,66,7,"9",3
972,830,9,91,7,91,6,"8",3
973,831,18,91,7,91,6,"8",3
974,328,1,80,4,80,6,"8",3
975,832,4,169,35,159,19,"2",19
976,833,23,166,13,157,19,"2",19
977,76,10,171,11,161,19,"3",25
980,834,4,130,31,57,15,"6",26
981,835,8,176,32,166,18,"2",23
982,796,1,178,34,168,18,"2",23
983,836,29,179,1,169,18,"2",23
984,837,5,115,8,114,3,"7",3
985,838,18,115,8,114,3,"7",3
986,130,9,83,11,120,3,"7",3
987,122,7,83,11,120,3,"7",3
988,839,28,190,32,181,17,"1",6
989,840,4,191,41,182,17,"1",6
990,841,4,192,39,183,17,"1",6
991,842,28,193,13,184,17,"1",6
992,21,9,194,34,185,17,"1",6
993,843,11,65,7,65,8,"11",14
994,844,11,57,8,57,8,"11",14
995,407,4,61,13,61,8,"11",14
996,845,2,135,11,126,21,"2",18
997,846,9,159,39,150,21,"2",18
998,847,15,137,32,128,21,"2",18
999,848,23,146,37,137,21,"3",27
1000,849,2,149,31,140,20,"4",24
1001,850,1,141,35,132,20,"4",24
1002,851,5,100,11,100,4,"7",3
1003,852,8,100,11,100,4,"7",3
1004,522,9,107,21,107,4,"7",3
1005,853,7,107,21,107,4,"7",3
1006,854,18,89,16,89,5,"9",3
1007,18,12,95,1,95,5,"9",3
1008,706,10,95,1,95,5,"9",3
1009,855,1,84,5,84,5,"9",3
1010,58,18,79,21,79,7,"9",3
1011,856,20,79,21,79,7,"9",3
1012,857,18,72,10,72,7,"9",3
1013,858,8,80,4,80,6,"8",3
1014,859,1,81,8,81,6,"8",3
1015,860,18,81,8,81,6,"8",3
1016,861,9,80,4,80,6,"9",13
1017,862,6,174,37,164,19,"3",25
1018,863,28,164,7,155,19,"3",25
1019,356,4,161,36,152,19,"3",25
1020,864,5,167,34,158,19,"3",25
1021,865,2,126,3,88,15,"6",26
1022,866,1,132,32,30,15,"6",26
1023,867,12,65,7,65,15,"6",26
1025,868,2,180,13,170,18,"2",23
1026,869,29,182,5,173,18,"2",23
1027,870,13,175,31,165,18,"2",23
1028,871,4,195,5,186,16,"1",6
1029,872,9,105,4,105,3,"7",3
1030,873,18,105,4,105,3,"7",3
1031,874,1,105,4,105,3,"8",28
1032,875,9,196,30,187,17,"1",6
1033,876,4,197,42,188,17,"1",6
1034,877,8,190,32,181,17,"2",21
1035,720,8,65,7,65,8,"11",14
1036,377,3,57,8,57,8,"11",14
1037,878,8,145,3,136,21,"3",27
1038,879,1,137,32,128,21,"3",27
1039,880,5,140,21,131,20,"4",24
1040,881,2,148,37,139,20,"4",24
1041,882,23,143,36,134,20,"4",24
1042,883,5,158,32,149,20,"4",24
1043,884,9,94,8,94,4,"8",3
1044,885,4,84,5,84,5,"9",3
1045,886,9,102,24,102,5,"9",3
1046,887,4,102,24,102,5,"9",3
1047,888,20,72,10,72,7,"9",3
1048,889,8,70,5,70,7,"10",3
1049,583,10,80,4,80,6,"9",13
1050,890,6,91,7,91,6,"9",13
1051,891,2,91,7,91,6,"9",13
1052,892,12,81,8,81,6,"9",13
1053,893,9,160,8,151,19,"3",25
1054,894,12,166,13,157,19,"3",25
1055,895,1,169,35,159,19,"3",25
1056,896,23,162,32,153,19,"3",25
1057,897,4,125,5,61,15,"6",26
1058,722,2,133,1,125,15,"6",26
1059,898,12,129,11,118,15,"6",26
1060,899,1,185,39,176,18,"2",23
1061,900,7,173,7,163,18,"2",23
1062,901,13,177,11,167,18,"2",23
1063,902,9,198,38,189,16,"1",6
1064,903,28,199,21,190,16,"1",6
1065,904,9,200,43,191,16,"1",6
1066,905,10,105,4,105,3,"8",28
1067,906,5,83,11,120,3,"8",28
1068,907,8,83,11,120,3,"8",28
1069,908,1,114,3,113,3,"8",28
1070,909,10,193,13,184,17,"2",21
1071,448,7,194,34,185,17,"2",21
1072,910,2,188,8,179,17,"2",21
1073,617,8,192,39,183,17,"2",21
1074,911,23,147,13,138,21,"3",27
1075,316,6,144,35,135,21,"3",27
1076,874,1,153,2,144,21,"3",27
1077,912,9,157,7,148,20,"4",24
1078,913,28,136,13,127,20,"4",24
1079,914,28,156,39,147,20,"4",24
1080,915,23,157,7,148,20,"5",29
1081,839,2,94,8,94,4,"8",3
1082,916,5,107,21,107,4,"8",3
1083,917,18,107,21,107,4,"8",3
1084,918,4,95,1,95,5,"10",3
1085,889,8,72,10,72,7,"10",3
1086,889,8,79,21,79,7,"10",3
1087,919,11,70,5,70,7,"10",3
1088,920,8,81,8,81,6,"9",13
1089,921,1,93,13,93,6,"9",13
1090,922,7,93,13,93,6,"9",13
1091,923,4,93,13,93,6,"10",14
1092,62,3,170,31,160,19,"3",25
1093,872,23,172,5,162,19,"3",25
1094,924,2,162,32,153,19,"4",24
1095,925,9,115,8,114,15,"6",26
1097,926,1,181,37,171,18,"2",23
1098,927,7,175,31,165,18,"3",24
1099,294,4,201,8,192,16,"1",6
1100,928,28,202,32,193,16,"1",6
1101,356,9,203,31,194,16,"1",6
1102,929,4,114,3,113,3,"8",28
1103,930,9,115,8,114,3,"8",28
1104,931,2,115,8,114,3,"8",28
1105,932,1,83,11,120,3,"9",3
1106,933,2,197,42,188,17,"2",21
1107,168,8,186,7,177,17,"2",21
1108,934,10,191,41,182,17,"2",21
1109,935,7,187,11,178,17,"2",21
1110,936,1,154,38,145,21,"3",27
1111,937,6,152,5,143,21,"3",27
1112,938,12,159,39,150,21,"3",27
1113,939,6,140,21,131,20,"5",29
1114,940,5,143,36,134,20,"5",29
1115,941,9,136,13,127,20,"5",29
1116,942,9,100,11,100,4,"8",3
1117,732,18,100,11,100,4,"8",3
1118,943,5,108,1,108,4,"8",3
1119,944,11,95,1,95,5,"10",3
1120,945,8,89,16,89,5,"10",3
1121,946,11,89,16,89,5,"10",3
1122,947,7,102,24,102,5,"10",3
1123,948,11,72,10,72,7,"10",3
1124,309,11,79,21,79,7,"10",3
1125,524,22,79,21,79,7,"10",3
1126,949,11,93,13,93,6,"10",14
1127,923,4,80,4,80,6,"10",14
1128,950,11,80,4,80,6,"10",14
1129,951,8,169,35,159,19,"4",24
1130,952,7,164,7,155,19,"4",24
1131,953,2,172,5,162,19,"4",24
1132,954,6,167,34,158,19,"4",24
1133,955,4,129,11,118,15,"7",30
1134,956,2,173,7,163,18,"3",24
1135,957,23,181,37,171,18,"3",24
1136,958,28,176,32,166,18,"3",24
1137,959,5,24,8,172,18,"3",24
1138,960,4,204,13,195,16,"1",6
1139,961,28,205,30,196,16,"1",6
1140,962,4,206,7,197,16,"1",6
1141,930,9,207,39,198,16,"1",6
1142,963,4,83,11,120,3,"9",3
1143,184,5,115,8,114,3,"9",3
1144,964,4,115,8,114,3,"9",3
1145,965,6,105,4,105,3,"9",3
1146,73,10,196,30,187,17,"2",21
1147,217,2,183,31,174,17,"2",21
1148,49,7,189,5,180,17,"2",21
1149,966,7,139,34,130,21,"3",27
1150,967,9,147,13,138,21,"4",24
1151,968,6,148,37,139,20,"5",29
1152,969,9,156,39,147,20,"5",29
1153,970,10,141,35,132,20,"5",29
1154,971,4,208,44,199,31,"1",31
1155,972,7,108,1,108,4,"8",3
1156,973,1,119,24,118,4,"8",3
1157,974,10,119,24,118,4,"8",3
1158,650,6,119,24,118,4,"9",3
1159,975,11,102,24,102,5,"10",3
1160,825,18,95,1,95,5,"10",3
1161,888,20,72,10,72,7,"10",3
1162,437,12,70,5,70,7,"10",3
1163,923,4,81,8,81,6,"10",14
1164,976,11,81,8,81,6,"10",14
1165,977,28,161,36,152,19,"4",24
1166,978,8,160,8,151,19,"4",24
1167,59,7,170,31,160,19,"4",24
1168,979,2,115,8,114,15,"7",30
1169,980,6,133,1,125,15,"7",30
1170,981,9,132,32,30,15,"7",30
1171,982,1,65,7,65,15,"7",30
1172,983,9,179,1,169,18,"3",24
1173,984,28,182,5,173,18,"3",24
1174,985,7,185,39,176,18,"3",24
1175,986,4,209,11,200,16,"1",6
1176,987,6,199,21,190,16,"2",7
1177,988,2,105,4,105,3,"9",3
1178,980,8,115,8,114,3,"10",3
1179,989,2,186,7,177,17,"3",32
1180,990,23,153,2,144,21,"4",24
1181,991,2,137,32,128,21,"4",24
1182,992,28,139,34,130,21,"4",24
1183,993,8,158,32,149,20,"5",29
1184,994,23,150,5,141,20,"5",29
1185,995,6,143,36,134,20,"6",33
1186,996,9,210,8,201,31,"1",31
1187,82,4,211,36,202,31,"1",31
1188,997,1,212,45,203,31,"1",31
1189,298,4,213,46,204,31,"1",31
1190,998,4,119,24,118,4,"9",3
1191,999,1,94,8,94,4,"9",3
1192,1000,7,94,8,94,4,"9",3
1193,133,6,108,1,108,4,"9",3
1194,651,6,102,24,102,5,"10",3
1195,641,7,93,13,93,6,"10",14
1196,1001,8,166,13,157,19,"4",24
1197,1002,23,174,37,164,19,"4",24
1198,1003,26,214,35,151,19,"5",34
1199,1004,1,61,13,61,15,"7",30
1200,165,3,130,31,57,15,"7",30
1202,559,7,180,13,170,18,"3",24
1203,1005,6,215,7,170,18,"4",34
1204,1006,7,205,30,196,16,"2",7
1205,1007,23,209,11,200,16,"2",7
1206,1008,7,198,38,189,16,"2",7
1207,37,6,206,7,197,16,"2",7
1208,838,18,115,8,114,3,"10",3
1209,1009,11,115,8,114,3,"10",3
1210,980,8,83,11,120,3,"10",3
1211,1010,6,187,11,178,17,"3",32
1212,624,9,190,32,181,17,"3",32
1213,23,6,183,31,174,17,"3",32
1214,143,4,196,30,187,17,"3",32
1215,1011,10,154,38,145,21,"4",24
1216,1012,23,159,39,150,21,"4",24
1217,1013,5,146,37,137,21,"4",24
1218,1014,1,150,5,141,20,"6",33
1219,58,13,136,13,127,20,"6",33
1220,1015,7,140,21,131,20,"6",33
1221,1016,2,156,39,147,20,"6",33
1222,1017,1,216,47,205,31,"1",31
1223,1018,4,217,37,206,31,"1",31
1224,1019,4,218,3,207,31,"1",31
1225,1020,13,219,48,208,31,"1",31
1226,1021,4,108,1,108,4,"9",3
1227,1022,9,107,21,107,4,"9",3
1228,1023,7,107,21,107,4,"9",3
1229,1024,10,108,1,108,4,"10",3
1230,737,6,80,4,80,6,"10",14
1231,1025,27,220,13,162,19,"5",34
1232,1026,20,221,31,159,19,"5",34
1233,1027,30,222,8,164,19,"5",34
1237,1028,1,223,8,165,18,"4",34
1238,1029,4,224,37,172,18,"4",34
1239,1030,7,225,1,166,18,"4",34
1240,1031,2,226,31,176,18,"4",34
1241,1032,7,202,32,193,16,"2",7
1242,411,23,207,39,198,16,"2",7
1243,1033,7,203,31,194,16,"2",7
1244,1034,4,227,43,209,30,"1",6
1245,604,10,83,11,120,3,"10",3
1246,731,11,83,11,120,3,"10",3
1247,1035,10,194,34,185,17,"3",32
1248,261,15,189,5,180,17,"3",32
1249,1036,4,188,8,179,17,"3",32
1250,1037,15,193,13,184,17,"3",32
1251,29,4,145,3,136,21,"4",24
1252,1038,4,144,35,135,21,"4",24
1253,79,23,158,32,149,20,"6",33
1254,1039,12,148,37,139,20,"6",33
1255,1040,8,141,35,132,20,"6",33
1256,1041,6,141,35,132,20,"7",35
1257,1042,13,228,43,210,31,"1",31
1258,1043,6,229,34,211,31,"1",31
1259,1044,7,230,49,212,31,"1",31
1260,1045,11,108,1,108,4,"10",3
1261,432,18,108,1,108,4,"10",3
1262,607,2,119,24,118,4,"10",3
1263,1046,31,231,36,153,19,"5",34
1264,918,25,232,37,158,19,"5",34
1265,1047,18,233,34,160,19,"5",34
1269,719,12,125,5,61,15,"8",36
1270,1048,13,234,13,173,18,"4",34
1271,255,9,235,39,171,18,"4",34
1272,1049,23,236,5,163,18,"4",34
1273,1050,6,204,13,195,16,"2",7
1274,1051,7,200,43,191,16,"2",7
1275,48,6,201,8,192,16,"2",7
1276,1052,4,237,37,213,30,"1",6
1277,1053,7,238,50,214,30,"1",6
1278,1054,13,239,32,215,30,"1",6
1279,944,1,240,34,216,30,"1",6
1280,1055,6,197,42,188,17,"3",32
1281,1056,23,191,41,182,17,"3",32
1282,1057,6,188,8,179,17,"4",37
1283,653,28,152,5,143,21,"4",24
1284,1058,8,241,3,128,21,"5",34
1285,1059,9,148,37,139,20,"7",35
1286,1060,7,158,32,149,20,"7",35
1287,1061,23,156,39,147,20,"7",35
1288,917,7,242,50,217,31,"1",31
1289,1056,4,243,31,218,31,"1",31
1290,156,12,244,42,219,31,"1",31
1291,1062,11,119,24,118,4,"10",3
1292,974,10,119,24,118,4,"10",3
1293,1063,4,107,21,107,4,"10",3
1294,1064,15,245,5,157,19,"5",34
1295,773,32,246,32,152,19,"5",34
1296,1065,23,169,35,159,19,"6",38
1297,1066,8,125,5,61,15,"8",36
1298,822,1,129,11,118,15,"8",36
1299,1067,3,247,32,169,18,"4",34
1300,633,6,24,8,172,18,"5",29
1301,1068,23,195,5,186,16,"2",7
1302,1069,12,204,13,195,16,"3",39
1303,482,1,248,36,220,30,"1",6
1304,1070,7,249,42,221,30,"1",6
1305,567,1,250,8,222,30,"1",6
1306,1071,1,251,46,223,30,"1",6
1307,1072,3,190,32,181,17,"4",37
1308,1073,13,183,31,174,17,"4",37
1309,1074,12,196,30,187,17,"4",37
1310,1075,12,252,35,130,21,"5",34
1311,1076,7,253,13,136,21,"5",34
1312,1077,2,254,34,145,21,"5",34
1313,1078,4,255,32,143,21,"5",34
1314,1079,3,140,21,131,20,"7",35
1315,1080,15,256,42,141,20,"7",35
1316,1081,23,136,13,127,20,"7",35
1317,1082,4,257,13,224,31,"1",31
1318,162,9,213,46,204,31,"2",40
1319,1083,11,107,21,107,4,"10",3
1320,488,1,107,21,107,4,"10",3
1321,1084,8,162,32,153,19,"6",38
1322,31,9,170,31,160,19,"6",38
1323,1085,13,160,8,151,19,"6",38
1324,1086,7,129,11,118,15,"8",36
1325,648,12,133,1,125,15,"8",36
1326,248,10,133,1,125,15,"8",36
1327,1087,23,185,39,176,18,"5",29
1328,1088,6,176,32,166,18,"5",29
1329,806,5,182,5,173,18,"5",29
1330,1089,4,207,39,198,16,"3",39
1331,1090,10,199,21,190,16,"3",39
1332,30,12,200,43,191,16,"3",39
1333,1091,10,258,45,225,30,"1",6
1334,1092,9,259,44,226,30,"1",6
1335,1093,1,260,47,227,30,"1",6
1336,805,4,261,38,228,30,"1",6
1337,1094,4,186,7,177,17,"4",37
1338,1095,10,187,11,178,17,"4",37
1339,1096,7,197,42,188,17,"4",37
1340,1097,9,193,13,184,17,"4",37
1341,1098,7,262,8,229,29,"1",6
1342,1099,6,263,38,137,21,"5",34
1343,1100,1,264,5,138,21,"5",34
1344,1101,3,207,39,135,21,"5",34
1346,111,6,208,44,199,31,"2",40
1347,1102,12,210,8,201,31,"2",40
1348,1103,6,228,43,210,31,"2",40
1349,1000,7,216,47,205,31,"2",40
1350,1104,2,166,13,157,19,"6",38
1351,1105,13,161,36,152,19,"6",38
1352,1106,3,167,34,158,19,"6",38
1353,116,12,132,32,30,15,"8",36
1354,1107,7,132,32,30,15,"8",36
1355,1108,6,130,31,57,15,"8",36
1356,1109,13,130,31,57,15,"8",36
1357,1110,8,181,37,171,18,"5",29
1358,1111,9,173,7,163,18,"5",29
1359,1077,28,175,31,165,18,"5",29
1360,53,7,195,5,186,16,"3",39
1361,483,28,198,38,189,16,"3",39
1362,1112,13,201,8,192,16,"3",39
1363,1070,2,209,11,200,16,"3",39
1364,1113,9,265,39,230,30,"1",6
1365,756,6,266,51,231,30,"1",6
1366,1114,8,261,38,228,30,"2",7
1367,1115,1,189,5,180,17,"4",37
1368,401,8,194,34,185,17,"4",37
1369,1116,4,193,13,184,17,"5",24
1370,1117,1,267,43,232,29,"1",6
1371,983,9,268,31,233,29,"1",6
1372,1118,4,269,33,234,29,"1",6
1373,1119,10,270,37,150,21,"5",34
1374,919,23,139,34,130,21,"6",41
1378,1120,7,212,45,203,31,"2",40
1379,518,12,230,49,212,31,"2",40
1380,361,6,219,48,208,31,"2",40
1381,1099,6,257,13,224,31,"2",40
1382,1121,1,172,5,162,19,"6",38
1383,1122,13,174,37,164,19,"6",38
1384,856,6,170,31,160,19,"7",42
1385,1123,12,115,8,114,15,"8",36
1386,1124,13,115,8,114,15,"8",36
1387,587,6,65,7,65,15,"8",36
1388,1125,8,179,1,169,18,"5",29
1389,1126,8,180,13,170,18,"5",29
1390,1127,13,173,7,163,18,"6",43
1391,1128,8,206,7,197,16,"3",39
1392,1129,4,203,31,194,16,"3",39
1393,1130,12,202,32,193,16,"3",39
1394,1131,12,239,32,215,30,"2",7
1395,21,4,259,44,226,30,"2",7
1396,1132,5,188,8,179,17,"5",24
1397,1133,28,186,7,177,17,"5",24
1398,1134,9,187,11,178,17,"5",24
1399,1135,4,271,46,235,28,"1",6
1400,1136,13,272,44,236,29,"1",6
1401,762,6,273,39,237,29,"1",6
1402,1137,1,274,46,238,29,"1",6
1403,826,23,144,35,135,21,"6",41
1404,1138,4,147,13,138,21,"6",41
1405,1139,2,152,5,143,21,"6",41
1408,1140,1,156,39,147,20,"8",44
1409,59,7,244,42,219,31,"2",40
1410,308,1,218,3,207,31,"2",40
1411,1141,12,275,52,217,31,"2",40
1412,1142,3,161,36,152,19,"7",42
1413,1143,10,172,5,162,19,"7",42
1414,426,12,160,8,151,19,"7",42
1415,635,10,65,7,65,15,"8",36
1416,1144,22,65,7,65,15,"9",13
1417,1145,4,180,13,170,18,"6",43
1418,919,6,175,31,165,18,"6",43
1419,971,4,176,32,166,18,"6",43
1420,1146,1,179,1,169,18,"6",43
1423,1147,12,203,31,194,16,"4",45
1424,188,1,237,37,213,30,"2",7
1425,1148,2,265,39,230,30,"2",7
1426,1149,13,260,47,227,30,"2",7
1427,1150,2,240,34,216,30,"2",7
1428,120,12,194,34,185,17,"5",24
1429,1151,23,197,42,188,17,"5",24
1430,34,28,183,31,174,17,"5",24
1431,1152,1,276,37,239,28,"1",6
1432,1153,4,277,47,240,28,"1",6
1433,295,9,278,31,241,28,"1",6
1434,834,4,279,43,242,28,"1",6
1435,1154,4,280,36,243,29,"1",6
1436,655,9,281,51,244,29,"1",6
1437,1155,4,282,45,245,29,"1",6
1438,1156,23,145,3,136,21,"6",41
1439,1157,2,146,37,137,21,"6",41
1440,335,8,159,39,150,21,"6",41
1441,1158,13,156,39,147,20,"8",44
1442,1159,28,148,37,139,20,"8",44
1443,1160,10,148,37,139,20,"8",44
1444,1161,9,211,36,202,31,"2",40
1445,1162,2,229,34,211,31,"2",40
1446,1163,7,217,37,206,31,"2",40
1447,1164,7,167,34,158,19,"7",42
1448,1165,12,162,32,153,19,"7",42
1449,1166,2,174,37,164,19,"7",42
1450,1167,3,65,7,65,15,"9",13
1451,1168,33,125,5,61,15,"9",13
1452,963,3,125,5,61,15,"9",13
1453,1169,23,129,11,118,15,"9",13
1454,1170,1,24,8,172,18,"6",43
1455,843,4,185,39,176,18,"6",43
1456,481,7,182,5,173,18,"6",43
1457,743,10,198,38,189,16,"4",45
1458,1171,9,209,11,200,16,"4",45
1459,1172,28,204,13,195,16,"4",45
1460,648,12,207,39,198,16,"4",45
1461,103,9,251,46,223,30,"2",7
1462,1173,4,266,51,231,30,"2",7
1463,1174,2,238,50,214,30,"2",7
1464,1175,4,258,45,225,30,"2",7
1465,1176,9,189,5,180,17,"5",24
1466,80,7,190,32,181,17,"5",24
1467,1177,1,194,34,185,17,"6",46
1468,271,9,283,32,246,28,"1",6
1469,1054,13,284,51,247,28,"1",6
1470,1127,13,285,8,248,28,"1",6
1471,350,9,286,44,249,28,"1",6
1472,29,4,287,42,250,29,"1",6
1473,693,13,288,34,251,29,"1",6
1474,1134,9,289,32,252,29,"1",6
1475,360,13,290,50,253,29,"1",6
1476,59,7,154,38,145,21,"6",41
1477,1178,23,137,32,128,21,"6",41
1478,248,3,159,39,150,21,"7",42
1479,1179,12,141,35,132,20,"8",44
1480,1180,23,141,35,132,20,"8",44
1481,1181,28,140,21,131,20,"8",44
1482,1182,8,140,21,131,20,"8",44
1483,1183,2,257,13,224,31,"3",47
1484,1184,10,166,13,157,19,"7",42
1485,1185,23,161,36,152,19,"8",48
1486,1186,2,129,11,118,15,"9",13
1487,206,19,115,8,114,15,"9",13
1488,1187,1,115,8,114,15,"9",13
1489,384,30,132,32,30,15,"9",13
1490,1188,2,182,5,173,18,"7",21
1491,1189,8,202,32,193,16,"4",45
1492,1190,12,199,21,190,16,"4",45
1493,1191,2,248,36,220,30,"2",7
1494,1192,13,250,8,222,30,"2",7
1495,1193,9,227,43,209,30,"2",7
1496,32,4,249,42,221,30,"2",7
1497,1194,4,190,32,181,17,"6",46
1498,1195,6,186,7,177,17,"6",46
1499,1196,1,183,31,174,17,"6",46
1500,1197,8,189,5,180,17,"6",46
1501,1198,4,291,42,254,28,"1",6
1502,572,13,292,38,255,28,"1",6
1503,1199,1,293,34,256,28,"1",6
1504,923,4,293,34,256,28,"2",7
1505,76,10,294,47,257,29,"1",6
1506,1200,4,281,51,244,29,"2",7
1507,1201,5,139,34,130,21,"7",42
1508,1202,10,147,13,138,21,"7",42
1509,1203,9,137,32,128,21,"7",42
1510,1204,10,256,42,141,20,"8",44
1511,1205,7,256,42,141,20,"8",44
1512,94,2,158,32,149,20,"8",44
1513,1206,10,158,32,149,20,"8",44
1514,1207,2,218,3,207,31,"3",47
1515,1208,1,229,34,211,31,"3",47
1516,1209,2,212,45,203,31,"3",47
1517,1210,2,208,44,199,31,"3",47
1518,1211,9,167,34,158,19,"8",48
1519,1212,28,162,32,153,19,"8",48
1520,413,10,170,31,160,19,"8",48
1521,1213,28,166,13,157,19,"8",48
1522,1214,2,132,32,30,15,"9",13
1523,68,10,132,32,30,15,"10",14
1524,1215,8,175,31,165,18,"7",21
1525,1216,13,176,32,166,18,"7",21
1526,1217,3,173,7,163,18,"7",21
1527,1218,9,201,8,192,16,"4",45
1528,1219,2,195,5,186,16,"4",45
1529,105,4,200,43,191,16,"4",45
1530,82,4,199,21,190,16,"5",49
1531,1220,4,251,46,223,30,"3",50
1532,1221,10,188,8,179,17,"6",46
1533,1222,9,197,42,188,17,"6",46
1534,1223,12,187,11,178,17,"6",46
1535,1224,2,283,32,246,28,"2",7
1536,31,9,285,8,248,28,"2",7
1537,520,12,291,42,254,28,"2",7
1538,106,4,286,44,249,28,"2",7
1539,1225,8,274,46,238,29,"2",7
1540,411,1,282,45,245,29,"2",7
1541,1226,9,287,42,250,29,"2",7
1542,681,7,289,32,252,29,"2",7
1543,1227,10,144,35,135,21,"7",42
1544,1228,3,152,5,143,21,"7",42
1545,1229,12,158,32,149,20,"9",13
1546,1230,8,210,8,201,31,"3",47
1547,1231,2,244,42,219,31,"3",47
1548,1232,1,217,37,206,31,"3",47
1549,1233,4,174,37,164,19,"8",48
1550,1234,13,172,5,162,19,"8",48
1552,1139,11,132,32,30,15,"10",14
1553,83,8,65,7,65,15,"10",14
1554,1235,11,65,7,65,15,"10",14
1555,841,4,295,42,258,27,"1",6
1556,1236,10,185,39,176,18,"7",21
1557,1237,3,180,13,170,18,"7",21
1558,1238,13,179,1,169,18,"7",21
1559,1239,6,185,39,176,18,"8",51
1560,177,7,209,11,200,16,"5",49
1561,1240,12,198,38,189,16,"5",49
1562,1241,1,238,50,214,30,"3",50
1563,1242,10,260,47,227,30,"3",50
1564,1243,3,266,51,231,30,"3",50
1565,1244,1,259,44,226,30,"3",50
1569,1245,10,279,43,242,28,"2",7
1570,850,1,292,38,255,28,"2",7
1571,1246,6,284,51,247,28,"2",7
1572,127,9,277,47,240,28,"2",7
1573,886,9,262,8,229,29,"2",7
1574,778,9,269,33,234,29,"2",7
1575,1247,4,290,50,253,29,"2",7
1576,1248,12,154,38,145,21,"7",42
1577,1249,10,146,37,137,21,"7",42
1578,1250,13,146,37,137,21,"8",52
1580,156,12,156,39,147,20,"9",13
1582,1251,28,141,35,132,20,"9",13
1583,1252,2,219,48,208,31,"3",47
1584,1253,3,211,36,202,31,"3",47
1585,1254,2,228,43,210,31,"3",47
1586,468,2,213,46,204,31,"3",47
1591,651,6,125,5,61,15,"10",14
1592,1255,11,125,5,61,15,"10",14
1593,1256,7,132,32,30,15,"10",14
1594,1257,4,296,37,259,27,"1",6
1595,1258,9,297,33,260,27,"1",6
1596,1259,9,298,36,261,27,"1",6
1597,1260,1,176,32,166,18,"8",51
1598,1261,2,179,1,169,18,"8",51
1599,1262,9,180,13,170,18,"8",51
1600,1263,12,175,31,165,18,"8",51
1601,1264,8,204,13,195,16,"5",49
1602,1265,6,203,31,194,16,"5",49
1603,103,9,195,5,186,16,"5",49
1604,1266,1,265,39,230,30,"3",50
1605,1267,4,248,36,220,30,"3",50
1606,52,1,227,43,209,30,"3",50
1607,1268,13,240,34,216,30,"3",50
1611,1269,8,276,37,239,28,"2",7
1612,1270,13,278,31,241,28,"2",7
1613,1271,12,271,46,235,28,"2",7
1614,154,1,279,43,242,28,"3",25
1615,1272,2,267,43,232,29,"2",7
1616,1273,4,288,34,251,29,"2",7
1617,1274,9,273,39,237,29,"2",7
1618,822,28,154,38,145,21,"8",52
1619,1275,12,144,35,135,21,"8",52
1620,1276,3,147,13,138,21,"8",52
1621,518,28,159,39,150,21,"8",52
1623,1277,6,256,42,141,20,"9",13
1625,788,3,156,39,147,20,"10",14
1626,1278,3,275,52,217,31,"3",47
1627,1279,4,230,49,212,31,"3",47
1628,1280,15,242,50,217,31,"4",53
1630,886,9,174,37,164,19,"9",44
1631,200,8,65,7,65,15,"10",14
1632,29,4,125,5,61,15,"10",14
1633,1281,7,299,39,262,27,"1",6
1634,1282,13,300,8,263,27,"1",6
1635,1283,13,301,43,264,27,"1",6
1636,1284,3,182,5,173,18,"8",51
1637,1285,12,180,13,170,18,"9",54
1638,1286,1,201,8,192,16,"5",49
1639,1287,3,202,32,193,16,"5",49
1640,1288,10,207,39,198,16,"5",49
1641,257,4,202,32,193,16,"6",55
1642,1289,1,239,32,215,30,"3",50
1643,1290,23,250,8,222,30,"3",50
1644,1138,9,249,42,221,30,"3",50
1647,1291,6,190,32,181,17,"7",56
1648,1292,2,271,46,235,28,"3",25
1649,55,7,284,51,247,28,"3",25
1650,1293,2,291,42,254,28,"3",25
1651,1294,2,293,34,256,28,"3",25
1652,1295,4,272,44,236,29,"2",7
1653,405,12,294,47,257,29,"2",7
1654,1017,10,268,31,233,29,"2",7
1655,143,9,152,5,143,21,"8",52
1656,1296,10,137,32,128,21,"8",52
1658,1297,11,156,39,147,20,"10",14
1659,970,10,141,35,132,20,"10",14
1660,1298,11,141,35,132,20,"10",14
1661,568,9,158,32,149,20,"10",14
1662,1299,10,210,8,201,31,"4",53
1663,1300,23,208,44,199,31,"4",53
1664,1301,23,217,37,206,31,"4",53
1665,1302,10,174,37,164,19,"9",44
1666,162,12,170,31,160,19,"9",44
1667,1303,8,170,31,160,19,"9",44
1668,1304,7,302,46,265,27,"1",6
1669,1305,9,303,34,266,27,"1",6
1670,1306,7,304,44,267,27,"1",6
1671,167,23,180,13,170,18,"9",54
1672,830,9,185,39,176,18,"9",54
1673,1307,8,185,39,176,18,"9",54
1674,97,6,182,5,173,18,"9",54
1675,400,8,207,39,198,16,"6",55
1676,654,8,203,31,194,16,"6",55
1677,1275,9,204,13,195,16,"6",55
1678,1308,1,199,21,190,16,"6",55
1679,1309,1,261,38,228,30,"3",50
1680,1310,13,237,37,213,30,"3",50
1681,1311,12,266,51,231,30,"4",57
1682,594,7,183,31,174,17,"7",56
1683,754,13,186,7,177,17,"7",56
1684,1312,7,188,8,179,17,"7",56
1685,315,10,189,5,180,17,"7",56
1686,95,6,277,47,240,28,"3",25
1687,151,4,278,31,241,28,"3",25
1688,1313,1,283,32,246,28,"3",25
1689,1314,9,280,36,243,29,"2",7
1690,1315,7,274,46,238,29,"3",29
1694,52,11,158,32,149,20,"10",14
1695,1316,3,156,39,147,20,"10",14
1696,1317,6,212,45,203,31,"4",53
1697,1318,15,228,43,210,31,"4",53
1698,1319,12,211,36,202,31,"4",53
1699,1320,8,161,36,152,19,"9",44
1700,506,10,161,36,152,19,"9",44
1701,1321,12,172,5,162,19,"9",44
1702,1322,3,172,5,162,19,"9",44
1703,1323,6,305,32,268,27,"1",6
1704,1324,6,306,51,269,27,"1",6
1705,1325,4,307,38,270,27,"1",6
1706,1326,23,182,5,173,18,"9",54
1707,1327,4,175,31,165,18,"9",54
1708,925,2,175,31,165,18,"9",54
1709,1158,13,148,37,271,26,"1",6
1710,762,6,195,5,186,16,"6",55
1711,1328,2,198,38,189,16,"6",55
1712,89,6,209,11,200,16,"6",55
1713,1329,13,209,11,200,16,"7",21
1714,939,23,227,43,209,30,"4",57
1715,1330,6,261,38,228,30,"4",57
1716,1331,10,240,34,216,30,"4",57
1717,361,6,194,34,185,17,"7",56
1718,163,8,197,42,188,17,"7",56
1719,1332,4,187,11,178,17,"7",56
1720,1333,3,187,11,178,17,"8",58
1721,804,2,276,37,239,28,"3",25
1722,1334,4,292,38,255,28,"3",25
1723,1335,10,292,38,255,28,"4",59
1724,1336,12,289,32,252,29,"3",29
1725,1087,15,287,42,250,29,"3",29
1726,1337,6,262,8,229,29,"3",29
1727,968,6,269,33,234,29,"3",29
1730,1338,13,154,38,145,21,"9",60
1731,1339,13,141,35,132,20,"10",14
1732,1340,9,158,32,149,20,"10",14
1733,1341,6,230,49,212,31,"4",53
1734,200,8,229,34,211,31,"4",53
1735,1342,8,219,48,208,31,"4",53
1736,1343,7,166,13,157,19,"9",44
1737,1344,9,166,13,157,19,"9",44
1738,1345,6,162,32,153,19,"9",44
1739,1346,13,162,32,153,19,"9",44
1740,21,4,295,42,258,27,"1",6
1741,111,7,179,1,169,18,"9",54
1742,1347,12,179,1,169,18,"9",54
1743,1348,1,175,31,165,18,"10",14
1744,400,4,308,38,272,26,"1",6
1745,1349,9,309,33,273,26,"1",6
1746,295,12,310,36,274,26,"1",6
1747,1350,13,311,46,275,26,"1",6
1748,1351,2,199,21,190,16,"7",21
1749,1352,8,195,5,186,16,"7",21
1750,1353,2,207,39,198,16,"7",21
1751,1211,2,251,46,223,30,"4",57
1752,1110,8,239,32,215,30,"4",57
1753,633,6,237,37,213,30,"4",57
1754,1354,28,259,44,226,30,"4",57
1755,202,12,186,7,177,17,"8",58
1756,671,9,183,31,174,17,"8",58
1757,1355,23,190,32,181,17,"8",58
1758,1356,25,194,34,185,17,"8",58
1759,309,7,291,42,254,28,"4",59
1760,1357,4,276,37,239,28,"4",59
1761,1358,3,277,47,240,28,"4",59
1762,1359,6,293,34,256,28,"4",59
1763,894,12,272,44,236,29,"3",29
1764,1360,9,290,50,253,29,"3",29
1765,1361,8,294,47,257,29,"3",29
1766,1362,28,147,13,138,21,"9",60
1767,1363,3,146,37,137,21,"9",60
1768,1364,12,152,5,143,21,"9",60
1769,187,6,244,42,219,31,"4",53
1770,1365,7,213,46,204,31,"4",53
1771,1366,23,257,13,224,31,"4",53
1772,1367,6,166,13,157,19,"10",61
1773,1368,9,298,36,261,27,"1",6
1774,548,13,301,43,264,27,"1",6
1775,1369,7,302,46,265,27,"1",6
1776,1370,11,175,31,165,18,"10",14
1777,1371,3,179,1,169,18,"10",14
1778,1372,11,179,1,169,18,"10",14
1779,1373,4,312,8,276,25,"1",6
1780,1374,13,313,43,277,26,"1",6
1781,1375,4,314,51,278,26,"1",6
1782,1376,9,315,34,279,26,"1",6
1783,1226,9,316,42,280,26,"1",6
1784,1377,13,204,13,195,16,"7",21
1785,47,2,203,31,194,16,"7",21
1786,1378,10,202,32,193,16,"7",21
1787,1379,5,265,39,230,30,"4",57
1788,1380,13,249,42,221,30,"4",57
1789,1381,6,248,36,220,30,"4",57
1790,1382,7,250,8,222,30,"4",57
1791,434,1,188,8,179,17,"8",58
1792,1383,2,189,5,180,17,"8",58
1794,1145,10,271,46,235,28,"4",59
1795,114,12,278,31,241,28,"4",59
1796,893,4,283,32,246,28,"4",59
1797,1384,9,279,43,242,28,"4",59
1798,1354,2,280,36,243,29,"3",29
1799,1088,6,268,31,233,29,"3",29
1800,1027,3,281,51,244,29,"3",29
1801,1385,2,282,45,245,29,"3",29
1802,1386,28,137,32,128,21,"9",60
1803,1387,6,159,39,150,21,"9",60
1804,1388,13,152,5,143,21,"10",13
1805,1276,23,229,34,211,31,"5",62
1806,1367,3,166,13,157,19,"10",61
1807,1389,23,170,31,160,19,"10",61
1808,1389,2,170,31,160,19,"10",61
1809,26,8,172,5,162,19,"10",61
1810,1359,6,305,32,268,27,"1",6
1811,1390,9,307,38,270,27,"2",63
1812,17,6,180,13,170,18,"10",14
1813,1391,11,180,13,170,18,"10",14
1814,717,13,182,5,173,18,"10",14
1815,1392,11,182,5,173,18,"10",14
1816,1393,9,317,46,281,25,"1",6
1817,1394,4,318,43,282,25,"1",6
1818,1395,9,319,34,283,25,"1",6
1819,1396,13,320,33,284,25,"1",6
1820,1397,4,321,39,285,26,"1",6
1821,1288,10,321,39,285,26,"2",56
1823,1077,9,238,50,214,30,"4",57
1824,1398,23,240,34,216,30,"4",57
1828,1399,1,284,51,247,28,"4",59
1829,1311,12,283,32,246,28,"5",29
1830,1400,7,273,39,237,29,"3",29
1831,1311,5,267,43,232,29,"3",29
1832,1401,10,290,50,253,29,"4",64
1833,1402,23,152,5,143,21,"10",13
1834,1403,5,154,38,145,21,"10",13
1835,1404,3,154,38,145,21,"10",13
1836,1405,9,228,43,210,31,"5",62
1837,1406,1,213,46,204,31,"5",62
1838,26,28,172,5,162,19,"10",61
1839,1407,10,162,32,153,19,"10",61
1840,1407,3,162,32,153,19,"10",61
1841,1408,4,298,36,261,27,"2",63
1842,1409,15,303,34,266,27,"2",63
1843,271,4,305,32,268,27,"2",63
1844,1410,3,302,46,265,27,"2",63
1845,788,3,182,5,173,18,"10",14
1846,1411,1,322,38,286,25,"1",6
1847,1412,4,323,31,287,25,"1",6
1848,1413,4,309,33,273,26,"2",56
1849,1414,13,308,38,272,26,"2",56
1850,1415,12,148,37,271,26,"2",56
1851,503,6,316,42,280,26,"2",56
1855,1416,12,250,8,222,30,"4",57
1856,1201,12,227,43,209,30,"4",57
1857,1417,10,266,51,231,30,"4",57
1860,1418,6,189,5,180,17,"9",65
1861,1110,8,284,51,247,28,"5",29
1862,1419,23,277,47,240,28,"5",29
1863,1420,6,292,38,255,28,"5",29
1864,1421,9,267,43,232,29,"4",64
1865,1422,8,289,32,252,29,"4",64
1866,1423,10,269,33,234,29,"4",64
1867,1424,28,146,37,137,21,"10",13
1868,1425,15,146,37,137,21,"10",13
1869,1426,1,159,39,150,21,"10",13
1870,1427,13,159,39,150,21,"10",13
1871,1428,9,230,49,212,31,"5",62
1872,732,2,242,50,217,31,"5",62
1873,1429,28,212,45,203,31,"5",62
1874,1430,3,174,37,164,19,"10",61
1875,1430,28,174,37,164,19,"10",61
1876,681,7,172,5,162,19,"11",14
1877,1431,9,306,51,269,27,"2",63
1878,1432,3,304,44,267,27,"2",63
1879,847,15,296,37,259,27,"2",63
1880,20,5,295,42,258,27,"2",63
1881,1433,6,324,32,288,24,"1",66
1882,980,8,180,13,170,18,"10",14
1883,1434,4,325,1,289,25,"1",6
1884,1435,9,326,37,290,25,"1",6
1885,782,1,327,36,291,25,"1",6
1886,1436,13,328,39,292,25,"1",6
1887,1437,9,311,46,275,26,"2",56
1888,1438,9,313,43,277,26,"2",56
1889,1439,6,314,51,278,26,"2",56
1892,1440,9,202,32,193,16,"8",65
1893,1441,12,259,44,226,30,"4",57
1894,1442,3,238,50,214,30,"4",57
1895,1443,23,248,36,220,30,"4",57
1896,1444,3,237,37,213,30,"4",57
1897,1445,13,189,5,180,17,"9",65
1898,1446,1,186,7,177,17,"9",65
1899,501,7,186,7,177,17,"9",65
1900,571,5,187,11,178,17,"9",65
1901,1447,28,291,42,254,28,"5",29
1902,1126,8,279,43,242,28,"5",29
1903,1448,23,276,37,239,28,"5",29
1904,969,9,271,46,235,28,"5",29
1905,1449,2,281,51,244,29,"4",64
1906,1450,13,287,42,250,29,"4",64
1907,1451,12,280,36,243,29,"4",64
1908,448,7,282,45,245,29,"4",64
1910,1452,13,208,44,199,31,"5",62
1911,1453,28,257,13,224,31,"5",62
1912,1454,23,219,48,208,31,"5",62
1913,1455,11,172,5,162,19,"11",14
1914,1001,8,166,13,157,19,"11",14
1915,1456,11,166,13,157,19,"11",14
1916,1084,8,162,32,153,19,"11",14
1917,965,6,300,8,263,27,"2",63
1918,1457,8,297,33,260,27,"2",63
1919,1458,9,299,39,262,27,"2",63
1920,120,12,329,36,293,24,"1",66
1921,1459,4,148,37,294,24,"1",66
1922,1460,4,330,39,295,24,"1",66
1923,401,13,331,33,296,24,"1",66
1924,1461,9,179,1,169,18,"10",14
1925,1462,4,332,32,297,25,"1",6
1926,1463,4,333,13,298,25,"1",6
1927,1464,6,317,46,281,25,"2",67
1928,1465,6,311,46,275,26,"3",68
1929,1466,13,202,32,193,16,"8",65
1930,1467,1,203,31,194,16,"8",65
1931,1468,23,203,31,194,16,"8",65
1932,498,12,209,11,200,16,"8",65
1933,970,10,265,39,230,30,"4",57
1934,1322,10,261,38,228,30,"4",57
1935,1300,23,239,32,215,30,"4",57
1936,1469,23,187,11,178,17,"9",65
1937,1470,12,188,8,179,17,"9",65
1938,1381,8,188,8,179,17,"9",65
1939,1471,15,194,34,185,17,"9",65
1940,970,10,293,34,256,28,"5",29
1941,339,6,291,42,254,28,"6",38
1942,176,1,272,44,236,29,"4",64
1943,1472,2,268,31,233,29,"4",64
1944,223,4,273,39,237,29,"4",64
1948,1473,9,146,37,137,21,"11",14
1949,1474,2,211,36,202,31,"5",62
1950,1475,9,217,37,206,31,"5",62
1951,33,5,244,42,219,31,"5",62
1952,1476,11,162,32,153,19,"11",14
1953,705,7,174,37,164,19,"11",14
1954,1477,11,174,37,164,19,"11",14
1955,1478,9,300,8,263,27,"2",63
1956,1479,7,334,5,299,23,"1",6
1957,1480,4,323,31,300,24,"1",66
1958,1481,12,335,1,301,24,"1",66
1959,1482,6,336,38,302,24,"1",66
1960,35,5,327,36,291,25,"2",67
1961,869,6,333,13,298,25,"2",67
1962,932,1,320,33,284,25,"2",67
1963,1483,12,309,33,273,26,"3",68
1964,463,9,148,37,271,26,"3",68
1965,1484,2,316,42,280,26,"3",68
1966,1485,28,314,51,278,26,"3",68
1967,499,10,209,11,200,16,"8",65
1968,611,9,199,21,190,16,"8",65
1969,1486,7,199,21,190,16,"8",65
1970,1487,12,195,5,186,16,"8",65
1971,1488,10,195,5,186,16,"8",65
1972,426,12,249,42,221,30,"4",57
1973,1489,10,251,46,223,30,"4",57
1974,1490,9,239,32,215,30,"5",69
1975,1491,13,194,34,185,17,"9",65
1976,1492,12,190,32,181,17,"9",65
1977,1493,13,190,32,181,17,"9",65
1978,1494,10,186,7,177,17,"10",61
1979,30,12,277,47,240,28,"6",38
1980,762,6,276,37,239,28,"6",38
1981,1495,9,274,46,238,29,"4",64
1982,1496,4,262,8,229,29,"4",64
1983,1497,23,287,42,250,29,"5",70
1984,1498,11,146,37,137,21,"11",14
1985,1499,2,154,38,145,21,"11",14
1986,1500,11,154,38,145,21,"11",14
1987,1501,4,212,45,203,31,"5",62
1988,1502,8,166,13,157,19,"11",14
1989,1503,1,296,37,259,27,"2",63
1990,811,6,298,36,261,27,"2",63
1991,1122,13,302,46,265,27,"2",63
1992,1120,7,303,34,266,27,"2",63
1993,1504,9,337,39,303,23,"1",6
1994,1505,4,338,38,304,23,"1",6
1995,20,12,339,36,305,23,"1",6
1996,1506,9,340,35,306,23,"1",6
1997,1507,13,341,43,307,24,"1",66
1998,1508,4,342,34,308,24,"1",66
1999,348,9,323,31,287,25,"2",67
2000,478,6,319,34,283,25,"2",67
2001,1509,9,325,1,289,25,"2",67
2002,1510,28,321,39,285,26,"3",68
2004,1511,3,204,13,195,16,"8",65
2005,1512,7,204,13,195,16,"8",65
2006,1513,3,195,5,186,16,"9",13
2007,1514,12,248,36,220,30,"5",69
2008,1039,12,238,50,214,30,"5",69
2009,1086,7,237,37,213,30,"5",69
2010,1515,12,251,46,223,30,"5",69
2011,1494,3,186,7,177,17,"10",61
2012,1516,1,187,11,178,17,"10",61
2013,1516,2,187,11,178,17,"10",61
2014,1517,23,188,8,179,17,"10",61
2015,1518,28,284,51,247,28,"6",38
2016,1519,8,271,46,235,28,"6",38
2017,96,7,283,32,246,28,"6",38
2018,18,12,292,38,255,28,"6",38
2019,1260,1,273,39,237,29,"5",70
2020,1520,4,267,43,232,29,"5",70
2021,1521,23,272,44,236,29,"5",70
2022,1389,1,289,32,252,29,"5",70
2023,1008,7,159,39,150,21,"11",14
2024,1496,11,159,39,150,21,"11",14
2025,1522,6,152,5,143,21,"11",14
2026,684,23,211,36,202,31,"5",62
2027,1523,12,219,48,208,31,"5",62
2028,761,4,228,43,210,31,"5",62
2029,1524,7,257,13,224,31,"5",62
2030,1525,9,162,32,153,19,"11",14
2031,850,4,174,37,164,19,"11",14
2032,1526,6,307,38,270,27,"2",63
2033,1527,23,306,51,269,27,"2",63
2034,995,7,297,33,260,27,"2",63
2035,1528,9,343,1,309,23,"1",6
2036,1529,4,344,37,310,23,"1",6
2037,1441,12,345,43,311,23,"1",6
2038,935,7,346,51,312,23,"1",6
2039,1530,4,347,53,313,24,"1",66
2040,1531,1,348,42,314,24,"1",66
2041,1532,4,329,36,293,24,"2",7
2042,1199,1,326,37,290,25,"2",67
2043,1533,9,312,8,276,25,"2",67
2044,1534,12,318,43,282,25,"2",67
2049,1535,30,195,5,186,16,"9",13
2050,1536,8,199,21,190,16,"9",13
2051,1537,15,199,21,190,16,"9",13
2052,1538,15,249,42,221,30,"5",69
2053,1539,9,240,34,216,30,"5",69
2054,1540,2,259,44,226,30,"5",69
2055,1541,9,266,51,231,30,"5",69
2056,1517,3,188,8,179,17,"10",61
2057,1542,4,194,34,185,17,"10",61
2058,1542,3,194,34,185,17,"10",61
2059,1543,23,189,5,180,17,"10",61
2060,1544,8,293,34,256,28,"6",38
2061,1545,28,279,43,242,28,"6",38
2062,1546,7,276,37,239,28,"7",42
2063,214,5,262,8,229,29,"5",70
2064,356,23,274,46,238,29,"5",70
2065,1547,1,268,31,233,29,"5",70
2066,1548,11,152,5,143,21,"11",14
2067,1549,13,159,39,150,21,"11",14
2068,493,12,213,46,204,31,"5",62
2069,1550,1,230,49,212,31,"5",62
2070,856,6,299,39,262,27,"2",63
2071,1551,10,305,32,268,27,"2",63
2072,1220,4,304,44,267,27,"2",63
2073,1552,4,349,34,315,23,"1",6
2074,1553,7,350,42,316,23,"1",6
2075,1554,9,341,43,307,24,"2",7
2076,68,10,331,33,296,24,"2",7
2077,1555,1,332,32,297,25,"2",67
2078,797,9,328,39,292,25,"2",67
2079,1556,12,322,38,286,25,"2",67
2081,156,12,316,42,280,26,"4",14
2082,1557,2,204,13,195,16,"9",13
2083,1558,34,204,13,195,16,"9",13
2084,1559,3,209,11,200,16,"9",13
2085,291,19,209,11,200,16,"9",13
2086,919,6,227,43,209,30,"5",69
2087,198,6,250,8,222,30,"5",69
2088,1560,10,237,37,213,30,"6",71
2089,1543,12,189,5,180,17,"10",61
2090,120,12,194,34,185,17,"11",14
2091,426,12,293,34,256,28,"7",42
2092,1561,1,291,42,254,28,"7",42
2093,579,23,271,46,235,28,"7",42
2094,1562,1,280,36,243,29,"5",70
2095,1563,8,290,50,253,29,"5",70
2096,104,28,282,45,245,29,"5",70
2097,1564,2,154,38,145,21,"11",14
2098,1565,3,152,5,143,21,"11",14
2099,1566,7,229,34,211,31,"5",62
2100,850,4,242,50,217,31,"5",62
2101,757,8,295,42,258,27,"2",63
2102,1567,12,295,42,258,27,"3",24
2103,444,9,351,8,317,23,"1",6
2104,820,4,352,32,318,23,"1",6
2105,1568,9,323,31,300,24,"2",7
2106,1569,7,353,46,301,24,"2",7
2107,1570,12,330,39,295,24,"2",7
2108,1571,4,354,42,319,22,"1",6
2109,1149,8,327,36,291,25,"2",67
2110,1572,11,316,42,280,26,"4",14
2111,1573,9,321,39,285,26,"4",14
2112,1574,11,321,39,285,26,"4",14
2113,1575,23,314,51,278,26,"4",14
2114,1576,6,202,32,193,16,"9",13
2115,1577,27,202,32,193,16,"9",13
2116,1578,7,209,11,200,16,"10",14
2117,1579,3,259,44,226,30,"6",71
2118,140,23,266,51,231,30,"6",71
2119,1580,4,250,8,222,30,"6",71
2120,868,28,240,34,216,30,"6",71
2121,1581,11,194,34,185,17,"11",14
2122,1010,6,187,11,178,17,"11",14
2123,1582,11,187,11,178,17,"11",14
2124,1583,10,284,51,247,28,"7",42
2125,932,3,279,43,242,28,"7",42
2126,1584,7,292,38,255,28,"7",42
2127,1386,2,277,47,240,28,"7",42
2128,339,6,281,51,244,29,"5",70
2129,1585,13,282,45,245,29,"6",72
2130,596,28,208,44,199,31,"5",62
2131,731,8,217,37,206,31,"5",62
2133,1586,7,296,37,259,27,"3",24
2134,1587,2,305,32,268,27,"3",24
2135,1588,28,302,46,265,27,"3",24
2136,1589,6,339,36,305,23,"2",27
2137,1590,4,348,42,314,24,"2",7
2138,1053,23,148,37,294,24,"2",7
2139,1591,4,324,32,288,24,"2",7
2140,1592,9,355,13,320,22,"1",6
2141,1593,9,356,11,321,22,"1",6
2142,1245,1,357,33,322,22,"1",6
2143,841,4,358,4,323,22,"1",6
2144,1594,2,332,32,297,25,"2",67
2145,315,10,328,39,292,25,"2",67
2146,1595,8,318,43,282,25,"2",67
2147,1021,3,323,31,287,25,"2",67
2148,1596,11,314,51,278,26,"4",14
2149,1597,11,209,11,200,16,"10",14
2150,1598,8,204,13,195,16,"10",14
2151,1599,11,204,13,195,16,"10",14
2152,138,10,239,32,215,30,"6",71
2153,111,7,248,36,220,30,"6",71
2154,1600,28,238,50,214,30,"6",71
2155,1601,1,249,42,221,30,"6",71
2156,1312,7,188,8,179,17,"11",14
2157,39,11,188,8,179,17,"11",14
2158,261,15,189,5,180,17,"11",14
2159,1602,23,359,51,255,28,"8",73
2160,1603,23,281,51,244,29,"6",72
2161,1604,2,289,32,252,29,"6",72
2162,1605,4,274,46,238,29,"6",72
2163,105,4,268,31,233,29,"6",72
2167,763,12,297,33,260,27,"3",24
2168,1606,12,306,51,269,27,"3",24
2169,1607,8,300,8,263,27,"3",24
2170,1608,5,303,34,266,27,"3",24
2171,1609,4,360,5,324,14,"1",6
2172,1610,1,345,43,311,23,"2",27
2173,1611,6,349,34,315,23,"2",27
2174,1612,9,338,38,304,23,"2",27
2175,1613,12,342,34,308,24,"2",7
2176,76,10,347,53,313,24,"2",7
2177,1062,4,336,38,302,24,"2",7
2178,411,1,323,31,300,24,"3",74
2179,1055,6,361,7,325,22,"1",6
2180,1614,4,362,38,326,22,"1",6
2181,1615,7,363,32,327,22,"1",6
2182,1616,1,364,36,328,22,"1",6
2183,1617,8,322,38,286,25,"2",67
2184,1618,2,319,34,283,25,"2",67
2185,1619,3,317,46,281,25,"2",67
2186,1620,6,195,5,186,16,"10",14
2187,1621,11,195,5,186,16,"10",14
2188,1622,8,202,32,193,16,"10",14
2189,1623,11,202,32,193,16,"10",14
2190,1624,3,251,46,223,30,"6",71
2191,420,7,251,46,223,30,"7",75
2192,1586,11,189,5,180,17,"11",14
2195,111,7,279,43,242,28,"8",73
2196,1625,13,276,37,239,28,"8",73
2197,199,10,291,42,254,28,"8",73
2198,820,6,271,46,235,28,"8",73
2199,1626,12,290,50,253,29,"6",72
2200,1627,2,272,44,236,29,"6",72
2201,1617,8,262,8,229,29,"6",72
2206,1628,28,299,39,262,27,"3",24
2207,1629,2,304,44,267,27,"3",24
2208,1630,3,307,38,270,27,"3",24
2209,1631,4,300,8,263,27,"4",65
2210,1632,9,365,2,329,14,"1",6
2211,1633,4,366,31,330,14,"1",6
2212,1634,9,367,11,331,14,"1",6
2213,1635,4,368,6,332,14,"1",6
2214,1223,12,343,1,309,23,"2",27
2215,1636,4,346,51,312,23,"2",27
2216,1637,9,344,37,310,23,"2",27
2217,1638,6,350,42,316,23,"2",27
2218,886,9,347,53,313,24,"3",74
2219,1639,15,330,39,295,24,"3",74
2220,52,1,353,46,301,24,"3",74
2221,1640,4,369,31,333,22,"1",6
2222,1641,6,370,39,334,22,"1",6
2223,1642,9,371,37,335,22,"1",6
2224,1643,8,357,33,322,22,"2",21
2225,1644,13,325,1,289,25,"2",67
2226,1127,8,312,8,276,25,"2",67
2227,1645,13,333,13,298,25,"2",67
2230,1646,6,239,32,215,30,"7",75
2231,1090,10,238,50,214,30,"7",75
2232,18,12,240,34,216,30,"7",75
2235,747,4,187,11,178,17,"11",14
2236,995,7,277,47,240,28,"8",73
2237,661,28,293,34,256,28,"8",73
2239,1647,28,267,43,232,29,"6",72
2240,1648,8,280,36,243,29,"6",72
2241,120,12,287,42,250,29,"6",72
2245,1649,1,228,43,210,31,"6",76
2246,1650,1,304,44,267,27,"4",65
2247,1651,3,303,34,266,27,"4",65
2248,1652,13,297,33,260,27,"4",65
2249,1653,10,307,38,270,27,"4",65
2250,1654,4,372,31,336,13,"1",6
2251,1655,9,373,32,337,14,"1",6
2252,893,4,374,1,338,14,"1",6
2253,1656,4,375,8,339,14,"1",6
2254,1657,3,340,35,306,23,"2",27
2255,1658,7,352,32,318,23,"2",27
2256,1659,10,337,39,303,23,"2",27
2257,1660,9,334,5,299,23,"2",27
2258,1661,9,331,33,296,24,"3",74
2259,361,6,348,42,314,24,"3",74
2260,1352,8,329,36,293,24,"3",74
2261,1662,3,361,7,325,22,"2",21
2262,717,13,358,4,323,22,"2",21
2263,1329,13,376,46,320,22,"2",21
2264,1663,4,326,37,290,25,"2",67
2265,1664,3,319,34,283,25,"3",77
2268,1665,13,209,11,200,16,"10",14
2269,1666,9,237,37,213,30,"7",75
2270,1667,1,266,51,231,30,"7",75
2271,743,10,249,42,221,30,"7",75
2272,1105,10,188,8,179,17,"11",14
2273,398,8,189,5,180,17,"11",14
2277,999,10,272,44,236,29,"7",78
2278,624,9,229,34,211,31,"6",76
2279,722,2,230,49,212,31,"6",76
2280,753,4,219,48,208,31,"6",76
2281,1668,15,295,42,258,27,"4",65
2282,1238,13,296,37,259,27,"4",65
2283,1669,13,306,51,269,27,"4",65
2284,1670,1,302,46,265,27,"4",65
2285,1671,12,377,8,340,13,"1",6
2286,1200,4,378,13,341,13,"1",6
2287,800,12,379,7,342,13,"1",6
2288,1672,4,380,30,343,13,"1",6
2289,480,9,381,7,344,14,"1",6
2290,1673,9,382,13,345,14,"1",6
2291,597,4,383,30,346,14,"1",6
2292,655,9,384,21,347,14,"1",6
2293,187,6,351,8,317,23,"2",27
2294,1674,7,340,35,306,23,"3",79
2295,1675,23,336,38,302,24,"3",74
2296,1676,7,341,43,307,24,"3",74
2297,1677,8,342,34,308,24,"3",74
2298,802,2,370,39,334,22,"2",21
2299,83,13,354,42,319,22,"2",21
2300,1678,2,369,31,333,22,"2",21
2301,1679,4,364,36,328,22,"2",21
2302,1680,4,328,39,292,25,"3",77
2303,1681,6,332,32,297,25,"3",77
2304,684,23,385,46,289,25,"3",77
2305,1682,12,327,36,291,25,"3",77
2306,1683,7,195,5,186,16,"10",14
2307,1684,7,202,32,193,16,"10",14
2308,1685,9,250,8,222,30,"7",75
2309,1686,9,248,36,220,30,"7",75
2314,80,7,293,34,256,28,"9",80
2315,556,12,282,45,245,29,"7",78
2316,239,10,267,43,232,29,"7",78
2317,611,9,208,44,199,31,"6",76
2318,101,9,257,13,224,31,"6",76
2319,1687,8,211,36,202,31,"6",76
2320,1009,4,299,39,262,27,"4",65
2321,1688,9,302,46,265,27,"5",29
2322,18,12,63,21,348,13,"1",6
2323,1689,4,386,32,349,13,"1",6
2324,892,12,387,1,350,13,"1",6
2325,1690,6,368,6,332,14,"2",7
2326,1691,7,345,43,311,23,"3",79
2327,1692,10,349,34,315,23,"3",79
2328,1693,10,344,37,310,23,"3",79
2329,1694,4,337,39,303,23,"3",79
2330,71,9,324,32,288,24,"3",74
2331,1695,2,324,32,288,24,"4",24
2332,1696,4,371,37,335,22,"2",21
2333,1377,13,362,38,326,22,"2",21
2334,1697,8,326,37,290,25,"3",77
2335,96,7,333,13,298,25,"3",77
2336,1698,23,318,43,282,25,"3",77
2337,1699,23,323,31,287,25,"3",77
2341,1700,23,293,34,256,28,"9",80
2342,1701,3,359,51,255,28,"9",80
2343,713,9,359,51,255,28,"9",80
2344,101,23,289,32,252,29,"7",78
2345,1702,1,262,8,229,29,"7",78
2346,1101,3,290,50,253,29,"7",78
2347,1703,6,217,37,206,31,"6",76
2348,285,13,213,46,204,31,"6",76
2349,295,9,212,45,203,31,"6",76
2351,1416,12,300,8,263,27,"5",29
2352,1280,15,307,38,270,27,"5",29
2353,1704,23,297,33,260,27,"5",29
2354,1705,4,388,2,351,13,"1",6
2355,493,12,389,11,352,13,"1",6
2356,1706,12,390,5,353,13,"1",6
2357,563,4,391,10,354,13,"1",6
2358,309,7,373,32,337,14,"2",7
2359,1043,6,374,1,338,14,"2",7
2360,1707,7,365,2,329,14,"2",7
2361,1708,4,351,8,317,23,"3",79
2362,520,12,350,42,316,23,"3",79
2363,1709,12,338,38,304,23,"3",79
2364,1122,13,343,1,309,23,"3",79
2365,1710,2,323,31,300,24,"4",24
2366,1134,9,329,36,293,24,"4",24
2367,1013,5,347,53,313,24,"4",24
2368,850,4,353,46,301,24,"4",24
2369,1378,10,356,11,321,22,"2",21
2370,1711,8,363,32,327,22,"2",21
2371,722,28,363,32,327,22,"3",24
2372,1712,13,312,8,276,25,"3",77
2373,1713,15,322,38,286,25,"3",77
2374,1714,6,326,37,290,25,"4",24
2378,1715,13,271,46,235,28,"9",80
2379,1716,1,271,46,235,28,"9",80
2380,1034,8,291,42,254,28,"9",80
2381,1717,23,291,42,254,28,"9",80
2382,568,1,287,42,250,29,"7",78
2383,1718,10,281,51,244,29,"7",78
2384,1719,3,274,46,238,29,"7",78
2385,475,10,280,36,243,29,"7",78
2389,1720,7,306,51,269,27,"5",29
2390,1385,28,295,42,258,27,"5",29
2391,1721,6,303,34,266,27,"5",29
2392,1722,5,299,39,262,27,"5",29
2393,1723,9,392,13,355,12,"1",6
2394,441,7,387,1,350,13,"2",72
2395,980,6,383,30,346,14,"2",7
2396,1724,7,382,13,345,14,"2",7
2397,1725,7,384,21,347,14,"2",7
2398,548,13,339,36,305,23,"3",79
2399,1726,1,352,32,318,23,"3",79
2400,1727,1,334,5,299,23,"3",79
2401,1728,15,338,38,304,23,"4",81
2402,1729,12,336,38,302,24,"4",24
2403,1730,28,342,34,308,24,"4",24
2404,1731,4,341,43,307,24,"4",24
2405,1732,5,356,11,321,22,"3",24
2406,1733,9,354,42,319,22,"3",24
2407,239,28,371,37,335,22,"3",24
2408,985,7,361,7,325,22,"3",24
2409,30,12,312,8,276,25,"4",24
2410,1734,28,327,36,291,25,"4",24
2411,1735,28,323,31,287,25,"4",24
2413,1736,4,240,34,216,30,"8",82
2414,97,6,279,43,242,28,"9",80
2415,1737,2,279,43,242,28,"9",80
2416,630,10,276,37,239,28,"9",80
2417,420,7,280,36,243,29,"8",83
2422,1738,6,296,37,259,27,"5",29
2423,52,28,296,37,259,27,"6",42
2424,1739,4,393,7,356,12,"1",6
2425,1740,4,394,21,357,12,"1",6
2426,69,9,395,23,358,12,"1",6
2427,1741,4,396,6,359,12,"1",6
2428,85,6,378,13,341,13,"2",72
2429,1008,7,63,21,348,13,"2",72
2430,412,6,386,32,349,13,"2",72
2431,1015,7,377,8,340,13,"2",72
2432,1742,6,360,5,324,14,"2",7
2433,433,7,381,7,344,14,"2",7
2434,1743,6,366,31,330,14,"2",7
2435,1744,7,367,11,331,14,"2",7
2436,1745,3,339,36,305,23,"4",81
2437,1193,9,345,43,311,23,"4",81
2438,1746,10,334,5,299,23,"4",81
2439,1747,3,343,1,309,23,"4",81
2440,1748,12,348,42,314,24,"4",24
2441,295,9,330,39,295,24,"4",24
2442,1749,9,342,34,308,24,"5",29
2443,1750,9,370,39,334,22,"3",24
2444,1751,10,355,13,320,22,"3",24
2445,1259,9,357,33,322,22,"3",24
2446,1752,12,333,13,298,25,"4",24
2447,1753,23,328,39,292,25,"4",24
2448,1754,28,322,38,286,25,"4",24
2449,1755,9,318,43,282,25,"4",24
2450,1756,8,249,42,221,30,"8",82
2451,1757,10,248,36,220,30,"8",82
2452,1758,3,239,32,215,30,"8",82
2453,677,12,276,37,239,28,"9",80
2454,1609,10,279,43,242,28,"10",13
2455,1759,12,281,51,244,29,"8",83
2456,593,8,287,42,250,29,"8",83
2457,1760,2,290,50,253,29,"8",83
2458,1682,12,267,43,232,29,"8",83
2460,1761,10,303,34,266,27,"6",42
2461,1762,13,307,38,270,27,"6",42
2462,475,1,297,33,260,27,"6",42
2463,356,9,397,2,360,12,"1",6
2464,1763,4,398,54,361,12,"1",6
2465,886,9,399,11,362,12,"1",6
2466,1764,4,400,8,363,12,"1",6
2467,1765,6,388,2,351,13,"2",72
2468,1053,7,390,5,353,13,"2",72
2469,1766,6,391,10,354,13,"2",72
2470,1767,6,375,8,339,14,"2",7
2471,1768,8,365,2,329,14,"3",84
2472,1769,12,351,8,317,23,"4",81
2473,1770,1,340,35,306,23,"4",81
2474,1771,8,350,42,316,23,"4",81
2475,1772,23,323,31,300,24,"5",29
2476,1773,12,341,43,307,24,"5",29
2477,1774,23,353,46,301,24,"5",29
2478,1422,8,364,36,328,22,"3",24
2479,1775,5,362,38,326,22,"3",24
2480,1776,1,369,31,333,22,"3",24
2481,1777,2,325,1,289,25,"4",24
2482,420,7,319,34,283,25,"4",24
2483,566,9,332,32,297,25,"4",24
2484,1778,23,332,32,297,25,"5",29
2485,1779,10,250,8,222,30,"8",82
2486,1780,23,251,46,223,30,"8",82
2487,1626,12,279,43,242,28,"10",13
2488,817,1,276,37,239,28,"10",13
2489,774,28,276,37,239,28,"10",13
2490,1781,13,274,46,238,29,"8",83
2491,1782,9,282,45,245,29,"8",83
2492,1783,2,262,8,229,29,"8",83
2494,1784,3,299,39,262,27,"6",42
2495,1785,1,295,42,258,27,"6",42
2496,1786,23,302,46,265,27,"6",42
2497,612,4,18,7,18,11,"1",6
2498,1787,9,401,10,364,12,"1",6
2499,1116,4,133,1,125,12,"1",6
2500,449,7,397,2,360,12,"2",7
2501,1788,7,379,7,342,13,"2",72
2502,1323,6,380,30,343,13,"2",72
2503,1789,7,389,11,352,13,"2",72
2504,102,2,360,5,324,14,"3",84
2505,117,9,383,30,346,14,"3",84
2506,26,8,368,6,332,14,"3",84
2507,1431,2,367,11,331,14,"3",84
2508,522,23,352,32,318,23,"4",81
2509,1790,12,344,37,310,23,"4",81
2510,1791,6,337,39,303,23,"4",81
2511,1792,9,339,36,305,23,"5",24
2512,1793,1,330,39,295,24,"5",29
2513,1331,10,324,32,288,24,"5",29
2514,1794,7,336,38,302,24,"5",29
2515,633,23,370,39,334,22,"4",29
2516,1795,5,325,1,289,25,"5",29
2517,1796,9,333,13,298,25,"5",29
2518,149,6,323,31,287,25,"5",29
2519,1732,12,319,34,283,25,"5",29
2520,1178,4,238,50,214,30,"8",82
2521,1797,13,266,51,231,30,"8",82
2523,1798,12,291,42,254,28,"10",13
2524,478,15,291,42,254,28,"10",13
2525,1799,2,271,46,235,28,"10",13
2530,185,3,306,51,269,27,"6",42
2531,1800,7,300,8,263,27,"6",42
2532,1801,23,303,34,266,27,"7",85
2533,1802,12,10,2,10,11,"1",6
2534,1803,4,13,10,13,11,"1",6
2535,1804,12,12,8,12,11,"1",6
2536,1567,12,402,3,365,11,"1",6
2537,1805,6,398,54,361,12,"2",7
2538,1806,7,392,13,355,12,"2",7
2539,463,6,400,8,363,12,"2",7
2540,127,9,377,8,340,13,"3",84
2541,1807,5,382,13,345,14,"3",84
2542,1808,2,373,32,337,14,"3",84
2543,1809,7,374,1,338,14,"3",84
2544,893,23,338,38,304,23,"5",24
2545,1810,28,345,43,311,23,"5",24
2546,1811,28,351,8,317,23,"5",24
2547,1423,10,352,32,318,23,"5",24
2548,1812,23,329,36,293,24,"5",29
2549,1354,28,348,42,314,24,"5",29
2550,1583,8,348,42,314,24,"6",86
2551,1336,5,361,7,325,22,"4",29
2552,1813,8,369,31,333,22,"4",29
2553,1419,23,356,11,321,22,"4",29
2554,1381,6,354,42,319,22,"4",29
2555,1814,2,318,43,282,25,"5",29
2556,1110,6,312,8,276,25,"5",29
2557,1027,3,326,37,290,25,"5",29
2563,1815,28,271,46,235,28,"10",13
2564,1391,4,293,34,256,28,"10",13
2565,568,9,293,34,256,28,"10",13
2569,1816,2,287,42,250,29,"9",52
2570,1817,2,297,33,260,27,"7",85
2571,1818,15,300,8,263,27,"7",85
2572,1819,1,306,51,269,27,"7",85
2573,1820,12,11,1,11,11,"1",6
2574,1821,4,17,13,17,11,"1",6
2575,1822,4,15,12,15,11,"1",6
2576,1823,12,403,6,366,11,"1",6
2577,57,7,395,23,358,12,"2",7
2578,465,6,133,1,125,12,"2",7
2579,1824,7,401,10,364,12,"2",7
2580,919,6,396,6,359,12,"2",7
2581,1292,2,379,7,342,13,"3",84
2582,1825,2,391,10,354,13,"3",84
2583,23,8,378,13,341,13,"3",84
2584,1826,2,384,21,347,14,"3",84
2585,1084,13,375,8,339,14,"3",84
2586,1827,2,366,31,330,14,"3",84
2587,1828,1,373,32,337,14,"4",87
2588,1829,12,334,5,299,23,"5",24
2589,1830,8,343,1,309,23,"5",24
2590,1831,1,337,39,303,23,"5",24
2591,1737,2,330,39,295,24,"6",86
2592,630,10,329,36,293,24,"6",86
2593,1832,7,323,31,300,24,"6",86
2594,1833,4,357,33,322,22,"4",29
2595,1311,12,371,37,335,22,"4",29
2596,1834,9,363,32,327,22,"4",29
2597,1835,8,362,38,326,22,"4",29
2598,1836,9,322,38,286,25,"5",29
2599,1300,23,327,36,291,25,"5",29
2600,1837,3,327,36,291,25,"6",88
2603,1329,13,250,8,222,30,"9",13
2604,309,7,291,42,254,28,"11",4
2605,1838,23,290,50,253,29,"9",52
2606,18,12,262,8,229,29,"9",52
2607,52,3,280,36,243,29,"9",52
2608,1839,9,296,37,259,27,"7",85
2609,1840,12,307,38,270,27,"7",85
2610,1841,8,302,46,265,27,"7",85
2611,518,12,299,39,262,27,"7",85
2612,1842,4,14,11,14,11,"1",6
2613,1843,12,16,5,16,11,"1",6
2614,1844,4,63,21,367,11,"1",6
2615,1845,7,12,8,12,11,"2",72
2616,425,6,393,7,356,12,"2",7
2617,1846,7,399,11,362,12,"2",7
2618,762,6,394,21,357,12,"2",7
2619,145,1,388,2,351,13,"3",84
2620,1847,2,389,11,352,13,"3",84
2621,189,5,380,30,343,13,"3",84
2622,1848,10,382,13,345,14,"4",87
2623,706,1,384,21,347,14,"4",87
2624,1221,10,374,1,338,14,"4",87
2625,1849,10,366,31,330,14,"4",87
2626,1510,28,350,42,316,23,"5",24
2627,1850,13,351,8,317,23,"6",21
2628,1042,13,324,32,288,24,"6",86
2629,26,3,336,38,302,24,"6",86
2630,1851,1,342,34,308,24,"6",86
2631,1420,6,355,13,320,22,"4",29
2632,1852,1,404,37,326,22,"5",34
2633,1853,10,319,34,283,25,"6",88
2634,1854,8,323,31,287,25,"6",88
2635,743,10,332,32,297,25,"6",88
2636,1855,3,250,8,222,30,"9",13
2637,1856,2,248,36,220,30,"9",13
2638,1857,28,248,36,220,30,"9",13
2639,226,9,249,42,221,30,"9",13
2640,83,11,291,42,254,28,"11",4
2641,1384,9,279,43,242,28,"11",4
2642,1858,11,279,43,242,28,"11",4
2643,388,6,282,45,245,29,"9",52
2644,1757,10,274,46,238,29,"9",52
2645,61,7,281,51,244,29,"9",52
2647,486,13,299,39,262,27,"8",13
2648,382,6,15,12,15,11,"2",72
2649,1859,7,11,1,11,11,"2",72
2650,111,7,403,6,366,11,"2",72
2651,1860,9,393,7,356,12,"3",89
2652,575,2,390,5,353,13,"3",84
2653,598,4,387,1,350,13,"3",84
2654,1861,2,63,21,348,13,"3",84
2655,1862,1,379,7,342,13,"4",9
2656,1863,1,383,30,346,14,"4",87
2657,501,7,375,8,339,14,"4",87
2658,156,12,368,6,332,14,"4",87
2659,73,10,350,42,316,23,"6",21
2660,1864,4,343,1,309,23,"6",21
2661,1865,2,337,39,303,23,"6",21
2662,1866,2,335,1,301,24,"6",86
2663,1867,10,330,39,295,24,"7",88
2664,1843,12,405,33,319,22,"5",34
2665,628,1,406,31,321,22,"5",34
2666,1414,13,407,13,327,22,"5",34
2667,351,4,408,11,334,22,"5",34
2668,1868,7,312,8,276,25,"6",88
2669,1869,23,326,37,290,25,"6",88
2670,1870,6,325,1,289,25,"6",88
2671,575,28,249,42,221,30,"9",13
2672,1871,3,266,51,231,30,"9",13
2673,1872,28,266,51,231,30,"9",13
2674,1873,1,238,50,214,30,"9",13
2675,1448,23,276,37,239,28,"11",4
2676,445,11,276,37,239,28,"11",4
2677,1271,12,271,46,235,28,"11",4
2682,1874,7,299,39,262,27,"8",13
2683,1875,5,302,46,265,27,"8",13
2684,1876,7,302,46,265,27,"8",13
2685,1706,28,306,51,269,27,"8",13
2686,1877,6,18,7,18,11,"2",72
2687,1578,7,16,5,16,11,"2",72
2688,1878,7,402,3,365,11,"2",72
2689,1879,6,13,10,13,11,"2",72
2690,1880,4,392,13,355,12,"3",89
2691,1881,2,400,8,363,12,"3",89
2692,1523,2,398,54,361,12,"3",89
2693,1882,2,396,6,359,12,"3",89
2694,1581,10,63,21,348,13,"4",9
2695,1883,12,388,2,351,13,"4",9
2696,1884,10,380,30,343,13,"4",9
2697,1885,1,360,5,324,14,"4",87
2698,1886,1,367,11,331,14,"4",87
2699,1887,8,384,21,347,14,"5",90
2700,1888,4,334,5,299,23,"6",21
2701,1358,3,345,43,311,23,"6",21
2702,1889,8,339,36,305,23,"6",21
2703,1890,3,338,38,304,23,"6",21
2704,154,1,329,36,293,24,"7",88
2705,264,15,348,42,314,24,"7",88
2706,758,3,323,31,300,24,"7",88
2707,1798,2,409,42,320,22,"5",34
2708,1891,7,410,38,335,22,"5",34
2709,1892,12,411,39,333,22,"5",34
2710,1893,10,412,32,322,22,"5",34
2711,1894,2,322,38,286,25,"6",88
2712,984,3,333,13,298,25,"6",88
2713,1895,12,332,32,297,25,"7",42
2714,1896,23,238,50,214,30,"9",13
2715,1172,1,251,46,223,30,"9",13
2716,1897,28,251,46,223,30,"9",13
2717,1240,12,251,46,223,30,"10",4
2718,1898,11,271,46,235,28,"11",4
2720,1899,4,274,46,238,29,"10",13
2721,1900,6,306,51,269,27,"8",13
2722,355,3,300,8,263,27,"8",13
2723,1901,13,300,8,263,27,"8",13
2724,1108,7,10,2,10,11,"2",72
2725,323,6,14,11,14,11,"2",72
2726,97,6,17,13,17,11,"2",72
2727,695,8,16,5,16,11,"3",91
2728,1902,8,394,21,357,12,"3",89
2729,1903,5,395,23,358,12,"3",89
2730,1904,10,397,2,360,12,"3",89
2731,1905,2,133,1,125,12,"3",89
2732,1420,9,387,1,350,13,"4",9
2733,494,10,377,8,340,13,"4",9
2734,1906,1,390,5,353,13,"4",9
2735,1907,10,391,10,354,13,"4",9
2736,1908,13,374,1,338,14,"5",90
2737,220,13,360,5,324,14,"5",90
2738,735,3,382,13,345,14,"5",90
2739,920,8,367,11,331,14,"5",90
2740,1544,13,352,32,318,23,"6",21
2741,1909,6,352,32,318,23,"7",35
2742,1249,10,342,34,308,24,"7",88
2743,1910,13,336,38,302,24,"7",88
2744,1911,3,324,32,288,24,"7",88
2746,773,7,354,42,319,22,"6",41
2747,1320,10,322,38,286,25,"7",42
2748,426,7,327,36,291,25,"7",42
2749,1912,10,325,1,289,25,"7",42
2750,1564,11,251,46,223,30,"10",4
2751,630,10,250,8,222,30,"10",4
2752,934,11,250,8,222,30,"10",4
2753,1145,1,266,51,231,30,"10",4
2754,1913,12,274,46,238,29,"10",13
2755,185,1,287,42,250,29,"10",13
2756,822,28,287,42,250,29,"10",13
2757,1914,28,297,33,260,27,"8",13
2758,1915,9,297,33,260,27,"8",13
2759,1916,3,296,37,259,27,"8",13
2760,1917,5,15,12,15,11,"3",91
2761,1918,9,10,2,10,11,"3",91
2762,757,8,402,3,365,11,"3",91
2763,1919,5,18,7,18,11,"3",91
2764,1920,2,399,11,362,12,"3",89
2765,340,10,396,6,359,12,"4",92
2766,243,9,389,11,352,13,"4",9
2767,1547,1,387,1,350,13,"5",93
2768,1155,3,375,8,339,14,"5",90
2769,1921,8,383,30,346,14,"5",90
2770,1922,13,368,6,332,14,"5",90
2771,155,2,351,8,317,23,"7",35
2772,1923,15,334,5,299,23,"7",35
2773,1304,7,338,38,304,23,"7",35
2774,541,1,339,36,305,23,"7",35
2778,963,23,371,37,335,22,"6",41
2779,953,28,357,33,322,22,"6",41
2780,63,23,355,13,320,22,"6",41
2781,651,6,369,31,333,22,"6",41
2782,1170,1,312,8,276,25,"7",42
2783,1924,10,333,13,298,25,"7",42
2784,653,28,326,37,290,25,"7",42
2785,1296,11,266,51,231,30,"10",4
2786,31,4,238,50,214,30,"10",4
2787,1925,11,238,50,214,30,"10",4
2788,1926,13,282,45,245,29,"10",13
2789,566,23,282,45,245,29,"10",13
2790,1143,10,290,50,253,29,"10",13
2791,986,4,296,37,259,27,"8",13
2792,1410,3,302,46,265,27,"9",14
2793,1927,9,17,13,17,11,"3",91
2794,1928,8,11,1,11,11,"3",91
2795,1929,5,13,10,13,11,"3",91
2796,1930,12,398,54,361,12,"4",92
2797,1931,12,397,2,360,12,"4",92
2798,1932,10,395,23,358,12,"4",92
2799,1933,5,399,11,362,12,"4",92
2800,1934,7,388,2,351,13,"5",93
2801,373,2,380,30,343,13,"5",93
2802,83,8,389,11,352,13,"5",93
2803,327,3,366,31,330,14,"5",90
2805,358,9,350,42,316,23,"7",35
2806,1935,8,345,43,311,23,"7",35
2807,1936,20,337,39,303,23,"7",35
2810,122,7,342,34,308,24,"8",94
2811,167,23,363,32,327,22,"6",41
2812,1937,26,356,11,321,22,"6",41
2813,1700,23,362,38,326,22,"6",41
2814,1938,15,319,34,283,25,"7",42
2815,1939,15,312,8,276,25,"8",94
2816,1940,7,290,50,253,29,"10",13
2817,1435,9,281,51,244,29,"10",13
2818,1941,28,281,51,244,29,"10",13
2819,1942,11,302,46,265,27,"9",14
2820,1009,4,299,39,262,27,"9",14
2821,1943,9,14,11,14,11,"3",91
2822,620,8,12,8,12,11,"3",91
2824,1944,10,394,21,357,12,"4",92
2825,763,12,392,13,355,12,"4",92
2826,1945,10,400,8,363,12,"4",92
2827,1946,2,377,8,340,13,"5",93
2828,585,8,391,10,354,13,"5",93
2829,1389,1,63,21,348,13,"5",93
2830,1947,9,390,5,353,13,"5",93
2832,1948,2,383,30,346,14,"6",95
2833,1949,4,350,42,316,23,"8",42
2834,1274,3,342,34,308,24,"8",94
2835,1950,28,324,32,288,24,"8",94
2836,1951,7,324,32,288,24,"8",94
2837,1952,3,330,39,295,24,"8",94
2838,53,7,370,39,334,22,"6",41
2839,89,6,357,33,322,22,"7",52
2840,1953,2,312,8,276,25,"8",94
2841,1954,5,319,34,283,25,"8",94
2842,617,4,319,34,283,25,"8",94
2843,1955,3,332,32,297,25,"8",94
2844,787,10,280,36,243,29,"10",13
2845,1956,28,280,36,243,29,"10",13
2846,52,3,280,36,243,29,"11",4
2847,1299,11,299,39,262,27,"9",14
2848,475,1,297,33,260,27,"9",14
2853,1957,5,133,1,125,12,"4",92
2854,298,8,399,11,362,12,"5",96
2855,1958,4,377,8,340,13,"6",97
2856,640,9,360,5,324,14,"6",95
2857,1959,2,368,6,332,14,"6",95
2858,1960,8,382,13,345,14,"6",95
2859,1961,12,352,32,318,23,"8",42
2860,1,3,334,5,299,23,"8",42
2861,1522,6,338,38,304,23,"8",42
2862,1962,1,351,8,317,23,"8",42
2863,1505,23,330,39,295,24,"8",94
2864,422,9,348,42,314,24,"8",94
2865,1963,10,348,42,314,24,"8",94
2866,749,8,354,42,319,22,"7",52
2867,1964,9,369,31,333,22,"7",52
2868,1624,1,370,39,334,22,"7",52
2869,1859,7,332,32,297,25,"8",94
2870,1346,8,333,13,298,25,"8",94
2871,42,23,333,13,298,25,"8",94
2872,1798,12,326,37,290,25,"8",94
2873,1055,11,280,36,243,29,"11",4
2874,1563,8,290,50,253,29,"11",4
2875,1965,11,290,50,253,29,"11",4
2876,1966,11,297,33,260,27,"9",14
2877,847,15,296,37,259,27,"9",14
2878,1967,11,296,37,259,27,"9",14
2882,1403,12,400,8,363,12,"5",96
2883,361,6,395,23,358,12,"5",96
2884,1968,9,380,30,343,13,"6",97
2885,198,6,63,21,348,13,"6",97
2886,811,6,390,5,353,13,"6",97
2887,582,1,391,10,354,13,"6",97
2888,1969,9,366,31,330,14,"6",95
2889,1970,12,374,1,338,14,"6",95
2890,1373,4,384,21,347,14,"6",95
2891,1971,2,375,8,339,14,"6",95
2892,1972,23,345,43,311,23,"8",42
2893,1973,12,413,51,303,23,"8",42
2895,1626,5,336,38,302,24,"8",94
2896,1974,10,336,38,302,24,"8",94
2897,1975,12,324,32,288,24,"9",13
2898,1976,9,362,38,326,22,"7",52
2899,30,12,363,32,327,22,"7",52
2900,308,13,371,37,335,22,"7",52
2901,309,7,355,13,320,22,"7",52
2902,1977,7,326,37,290,25,"8",94
2903,1978,6,322,38,286,25,"8",94
2904,1445,13,322,38,286,25,"8",94
2905,1476,1,319,34,283,25,"9",13
2906,1718,10,281,51,244,29,"11",4
2907,1979,11,281,51,244,29,"11",4
2908,29,4,287,42,250,29,"11",4
2909,1980,11,287,42,250,29,"11",4
2911,1981,6,11,1,11,11,"5",98
2912,830,9,396,6,359,12,"5",96
2913,1982,2,394,21,357,12,"5",96
2914,300,9,133,1,125,12,"5",96
2915,1983,9,398,54,361,12,"5",96
2916,1984,2,387,1,350,13,"6",97
2917,132,6,389,11,352,13,"6",97
2918,1985,4,63,21,348,13,"7",28
2925,25,23,324,32,288,24,"9",13
2926,611,9,336,38,302,24,"9",13
2927,1986,1,336,38,302,24,"9",13
2928,1987,7,348,42,314,24,"9",13
2929,1988,10,369,31,333,22,"8",99
2930,1469,23,319,34,283,25,"9",13
2931,1989,28,332,32,297,25,"9",13
2932,261,15,332,32,297,25,"9",13
2933,1990,3,322,38,286,25,"9",13
2934,1991,1,15,12,15,11,"5",98
2935,1638,6,10,2,10,11,"5",98
2936,1992,2,18,7,18,11,"5",98
2937,1993,9,13,10,13,11,"5",98
2938,1422,8,392,13,355,12,"5",96
2939,1994,8,133,1,125,12,"6",100
2940,929,1,389,11,352,13,"7",28
2941,1164,7,380,30,343,13,"7",28
2942,874,1,377,8,340,13,"7",28
2943,193,10,390,5,353,13,"7",28
2948,1995,8,334,5,299,23,"9",60
2949,1996,2,348,42,314,24,"9",13
2950,1148,2,342,34,308,24,"9",13
2951,1682,12,370,39,334,22,"8",99
2952,1997,7,357,33,322,22,"8",99
2953,1998,12,355,13,320,22,"8",99
2954,1873,3,363,32,327,22,"8",99
2955,309,7,322,38,286,25,"9",13
2956,1999,28,333,13,298,25,"9",13
2957,1146,1,333,13,298,25,"9",13
2958,1076,13,326,37,290,25,"9",13
2959,2000,2,12,8,12,11,"5",98
2960,2001,7,17,13,17,11,"5",98
2961,1637,9,16,5,16,11,"5",98
2962,661,1,400,8,363,12,"6",100
2963,804,5,396,6,359,12,"6",100
2964,1359,6,392,13,355,12,"6",100
2965,2002,8,387,1,350,13,"7",28
2966,339,6,377,8,340,13,"8",101
2970,2003,5,338,38,304,23,"9",60
2971,2004,23,413,51,303,23,"9",60
2972,44,15,350,42,316,23,"9",60
2973,2005,5,345,43,311,23,"9",60
2974,2006,6,342,34,308,24,"9",13
2975,2007,12,336,38,302,24,"10",14
2976,1586,7,362,38,326,22,"8",99
2977,474,8,355,13,320,22,"9",13
2978,1255,10,326,37,290,25,"9",13
2979,817,10,319,34,283,25,"10",14
2980,1090,10,18,7,18,11,"6",87
2981,108,8,398,54,361,12,"6",100
2982,2008,12,394,21,357,12,"6",100
2983,843,10,399,11,362,12,"6",100
2984,999,7,377,8,340,13,"8",101
2985,388,6,387,1,350,13,"8",101
2986,124,7,387,1,350,13,"8",101
2987,20,5,390,5,353,13,"8",101
2989,60,3,352,32,318,23,"9",60
2990,2009,3,337,39,303,23,"10",13
2991,731,11,336,38,302,24,"10",14
2992,2010,6,324,32,288,24,"10",14
2993,33,11,324,32,288,24,"10",14
2994,2011,12,342,34,308,24,"10",14
2995,2012,3,355,13,320,22,"9",13
2996,512,3,370,39,334,22,"9",13
2997,2013,28,370,39,334,22,"9",13
2998,2014,10,362,38,326,22,"9",13
2999,2015,11,319,34,283,25,"10",14
3000,2016,9,326,37,290,25,"10",14
3001,1143,11,326,37,290,25,"10",14
3002,2017,1,13,10,13,11,"6",87
3003,782,10,16,5,16,11,"6",87
3004,2018,1,12,8,12,11,"6",87
3005,2019,1,17,13,17,11,"6",87
3006,2020,10,392,13,355,12,"7",102
3007,740,7,390,5,353,13,"8",101
3008,2021,1,380,30,343,13,"8",101
3010,2022,2,382,13,345,14,"7",92
3011,1874,7,337,39,303,23,"10",13
3012,2023,2,350,42,316,23,"10",13
3013,1525,1,350,42,316,23,"10",13
3014,2024,6,345,43,311,23,"10",13
3015,538,11,342,34,308,24,"10",14
3016,2025,9,336,38,302,24,"10",14
3017,2026,15,362,38,326,22,"9",13
3018,1512,7,369,31,333,22,"9",13
3019,2027,3,369,31,333,22,"9",13
3020,1641,15,322,38,286,25,"10",14
3021,2028,11,322,38,286,25,"10",14
3022,2029,6,333,13,298,25,"10",14
3023,2030,11,333,13,298,25,"10",14
3024,78,10,10,2,10,11,"6",87
3025,822,1,11,1,11,11,"6",87
3027,490,1,398,54,361,12,"7",102
3028,148,7,133,1,125,12,"7",102
3029,2031,6,399,11,362,12,"7",102
3030,523,7,380,30,343,13,"8",101
3031,2032,5,389,11,352,13,"8",101
3032,594,7,389,11,352,13,"8",101
3033,2033,10,387,1,350,13,"9",13
3034,2034,3,374,1,338,14,"7",92
3035,2035,12,375,8,339,14,"7",92
3036,2036,3,368,6,332,14,"7",92
3037,2037,10,345,43,311,23,"10",13
3038,176,1,338,38,304,23,"10",13
3039,726,13,338,38,304,23,"10",13
3040,2038,9,352,32,318,23,"10",13
3041,1411,3,324,32,288,24,"10",14
3042,586,4,342,34,308,24,"10",14
3043,2039,10,363,32,327,22,"9",13
3044,2040,6,363,32,327,22,"9",13
3045,96,7,333,13,298,25,"10",14
3050,2041,1,394,21,357,12,"7",102
3051,210,8,396,6,359,12,"7",102
3052,2042,5,392,13,355,12,"8",101
3053,932,3,387,1,350,13,"9",13
3054,2043,10,389,11,352,13,"9",13
3055,192,3,389,11,352,13,"9",13
3056,472,8,377,8,340,13,"9",13
3057,2044,12,366,31,330,14,"7",92
3058,2045,10,360,5,324,14,"7",92
3059,938,12,384,21,347,14,"7",92
3061,593,8,352,32,318,23,"10",13
3062,2046,12,338,38,304,23,"11",14
3063,1714,28,363,32,327,22,"10",14
3064,2047,4,333,13,298,25,"10",14
3065,1027,3,326,37,290,25,"10",14
3066,2048,9,326,37,290,25,"10",14
3067,1617,8,322,38,286,25,"10",14
3070,630,10,13,10,13,11,"7",103
3071,408,13,392,13,355,12,"8",101
3072,2049,9,394,21,357,12,"8",101
3073,1006,7,394,21,357,12,"8",101
3074,1289,1,396,6,359,12,"8",101
3075,355,3,377,8,340,13,"9",13
3076,2050,8,390,5,353,13,"9",13
3077,2051,3,390,5,353,13,"9",13
3080,497,1,366,31,330,14,"8",104
3081,2052,11,338,38,304,23,"11",14
3082,1743,1,345,43,311,23,"11",14
3083,1488,11,345,43,311,23,"11",14
3084,2053,11,363,32,327,22,"10",14
3085,2054,6,369,31,333,22,"10",14
3086,2055,11,369,31,333,22,"10",14
3087,2056,13,322,38,286,25,"10",14
3088,482,1,10,2,10,11,"7",103
3089,162,12,17,13,17,11,"7",103
3090,651,6,12,8,12,11,"7",103
3091,58,13,396,6,359,12,"8",101
3092,2057,12,399,11,362,12,"8",101
3093,2058,4,399,11,362,12,"8",101
3094,436,3,133,1,125,12,"8",101
3098,2059,7,366,31,330,14,"8",104
3099,1190,12,360,5,324,14,"8",104
3100,2060,8,360,5,324,14,"8",104
3101,2061,9,374,1,338,14,"8",104
3102,2062,10,352,32,318,23,"11",14
3103,1048,11,352,32,318,23,"11",14
3104,103,9,337,39,303,23,"11",14
3105,2063,11,337,39,303,23,"11",14
3106,2064,13,355,13,320,22,"10",14
3107,1905,11,355,13,320,22,"10",14
3108,2065,3,363,32,327,22,"10",14
3109,101,9,11,1,11,11,"7",103
3110,93,1,16,5,16,11,"7",103
3111,2066,12,13,10,13,11,"8",101
3112,219,13,133,1,125,12,"8",101
3113,12,3,399,11,362,12,"9",13
3114,926,4,390,5,353,13,"10",14
3115,230,8,374,1,338,14,"8",104
3116,2067,12,382,13,345,14,"8",104
3117,1021,4,382,13,345,14,"8",104
3118,767,9,368,6,332,14,"8",104
3119,2068,12,337,39,303,23,"11",14
3120,1014,4,369,31,333,22,"10",14
3121,801,7,355,13,320,22,"10",14
3122,2069,7,13,10,13,11,"8",101
3123,42,6,16,5,16,11,"8",101
3124,754,13,399,11,362,12,"9",13
3125,2070,12,133,1,125,12,"9",13
3126,2071,10,133,1,125,12,"9",13
3127,377,3,392,13,355,12,"9",13
3128,1457,11,390,5,353,13,"10",14
3129,2072,5,377,8,340,13,"10",14
3130,2073,11,377,8,340,13,"10",14
3131,81,4,389,11,352,13,"10",14
3132,218,10,368,6,332,14,"8",104
3133,222,9,375,8,339,14,"8",104
3134,315,10,375,8,339,14,"8",104
3135,1,1,375,8,339,14,"9",13
3136,594,7,338,38,304,23,"11",14
3137,2074,9,352,32,318,23,"11",14
3138,2075,2,16,5,16,11,"8",101
3139,603,5,10,2,10,11,"8",101
3140,2076,4,10,2,10,11,"8",101
3141,2077,2,392,13,355,12,"9",13
3142,94,3,394,21,357,12,"9",13
3143,1946,13,394,21,357,12,"9",13
3144,620,11,389,11,352,13,"10",14
3146,593,8,375,8,339,14,"9",13
3147,737,6,382,13,345,14,"9",13
3148,254,13,382,13,345,14,"9",13
3149,1155,3,17,13,17,11,"8",101
3154,1132,5,366,31,330,14,"9",13
3155,2078,8,366,31,330,14,"9",13
3156,2079,3,360,5,324,14,"9",13
3157,240,8,17,13,17,11,"8",101
3158,906,5,11,1,11,11,"8",101
3159,2080,4,11,1,11,11,"8",101
3164,1352,8,389,11,352,13,"10",14
3165,1352,8,377,8,340,13,"10",14
3166,2081,7,360,5,324,14,"9",13
3167,1117,4,375,8,339,14,"10",14
3168,2082,10,11,1,11,11,"9",13
3170,474,8,392,13,355,12,"10",14
3171,2083,11,375,8,339,14,"10",14
3172,68,10,382,13,345,14,"10",14
3173,478,11,382,13,345,14,"10",14
3174,331,3,11,1,11,11,"9",13
3175,2084,4,16,5,16,11,"9",13
3176,2085,5,16,5,16,11,"9",13
3177,1290,10,17,13,17,11,"9",13
3178,2086,11,392,13,355,12,"10",14
3179,593,8,133,1,125,12,"10",14
3180,1798,11,133,1,125,12,"10",14
3181,314,3,366,31,330,14,"10",14
3182,2087,11,366,31,330,14,"10",14
3183,829,13,375,8,339,14,"10",14
3184,2088,5,17,13,17,11,"9",13
3185,2089,8,13,10,13,11,"9",13
3186,2090,3,13,10,13,11,"9",13
3187,2091,6,394,21,357,12,"10",14
3188,2092,11,394,21,357,12,"10",14
3189,763,12,392,13,355,12,"10",14
3190,2093,7,382,13,345,14,"10",14
3191,138,4,366,31,330,14,"10",14
3192,295,9,13,10,13,11,"10",14
3193,1116,4,133,1,125,12,"10",14
3194,1902,8,394,21,357,12,"10",14
3195,2094,11,13,10,13,11,"10",14
3196,1615,7,17,13,17,11,"10",14
3197,60,11,17,13,17,11,"10",14
3198,427,10,16,5,16,11,"10",14
3199,2095,11,16,5,16,11,"10",14
3200,2017,1,13,10,13,11,"10",14
3201,2019,1,17,13,17,11,"10",14
3202,1843,12,16,5,16,11,"10",14
3203,1117,4,13,10,13,11,"10",14
3204,1117,4,16,5,16,11,"10",14
3205,1117,4,17,13,17,11,"10",14
